id,name,sku,#videos
2379,Belly Bandit Mother Tucker Leggings,,0
2380,BabyDan Flexi Fit Wooden Stair Gate (69 - 106.5 cm),40747,1
2382,Omron M6 Comfort Automatic Upper Arm Blood Pressure Monitor,40485,1
2383,Pregnacare Conception - His & Hers 60 Tablets,40459,0
2384,Dreambaby Baby On Board,42280,0
2385,Snuza Hero Mobile Baby Monitor CR14250 Battery (1),1000300,0
2387,Mustela Stretch Marks Cream 3 in 1,5735,0
2388,Garmin BabyCam,100901,1
2389,Dr Brown's Microwave Steriliser Bags 5Pk,5141,1
2390,Basq Resilient Body Stretch Mark Oil - Citrus,5726,0
2391,Bumbo Multi Seat,6238,1
2392,"Silverette Nursing Cups - The Orginal Cup, Pure 925 Silver",,0
2393,Celebrity Slim Sticky Toffee Snack Bars 5Pk,44754,0
2394,Durex Condoms Extra Safe - 12 Pack,100265,0
2395,Tena Men Level 2,46049,0
2396,Babydan TV Strap - 2 Pack,41589,0
2397,Ardo Coolbag Complete,43871,0
2398,Celebrity Slim Double Chocolate Meal Replacement Bar - 12Pk,100850,0
2399,Blood Pressure & Pulse Measurement with Afib and MAM,100600,0
2400,Zita West - Vitafem,4881,0
2401,Babydan Finger Safe - 2 Pack,40751,1
2402,Chicco Next2Me DREAM Bedside Crib - Delicacy,5290,1
2403,Haakaa Wide Neck Baby Bottle Lid,6335,0
2404,Selfcheck Coeliac (Gluten Intolerance) Test,4359,0
2405,Carriwell Belly Binder - Natural,,1
2407,Gro-Egg Room Thermometer,40410,1
2408,Nourkrin Post Pregnancy Hair Maintenance - 30 Tabs,100565,0
2409,Omron Large Cuff For Blood Pressure Monitor,40514,0
2410,Ardo Breastfeeding Bag,43872,0
2411,Drugs Test Card (Screens for 5 Substances ),6031,0
2413,iWhite Oxygen Activated Teeth Whitening Kit (FREE Gift),41651,0
2414,Breast Milk Alcohol Check Tests - 10 x Tests,5216,0
2416,Kelkin Folic Acid 400Mcg,4219,0
2417,Durex Condoms Thin Feel - 12 Pack,41001,0
2418,Omron Ne-C801S Comp Air Nebuliser For Children,41648,1
2419,Chicco Easy Fit Baby Carrier Black Night,6019,1
2420,Omron Comfort Cuff,41794,0
2421,Medicare Paediatric Urine Collector,5072,0
2422,SnoozeShade for Infant Car Seats - Black,5174,0
2423,Nioxin Cleanser 3 - 300ml (Shampoo),100114,0
2424,Kegel8 Trainer,46046,0
2425,Scholl Flight Socks Sheer UK 4 - UK 6,100624,0
2426,Lansinoh Latch Assist,41465,1
2427,LOCKMED Medication Combination Lock Box Medium,6164,0
2428,Dreambaby Stroller Hook,42282,1
2429,Clevamama Replacement Pillow Case,40622,0
2430,BabyDan Danamic Pressure Indicator Gate White 73-80.5cm Max 100,100687,0
2432,Boppy Maternity Support Cuddle Pillow,100927,0
2433,Bodyclock Round Electrodes 32mm,6185,0
2434,Haakaa Silicone Breast Pump 100ml with Suction Base,6215,1
2435,Durex Condoms Mutual Climax - 12 Pack,100269,0
2436,Midstream Ovulation Tests (Urine) - 5 Pack,100018,0
2439,Celebrity Slim Active Strawberry Shake 840g (21 Shakes),5897,0
2440,Belly Bandit Belly Shield - Black - LG-2XL,5160,1
2441,Gro-Anywhere Blind,40411,0
2442,Tena Pants Super 12 Pack,,0
2443,Chicco Night Breeze Mattress Cover,6325,0
2444,Lansinoh 2 in 1 Double Electric Breast Pump,41431,1
2445,BabyDan 33 cm Extension Section - Black,41899,1
2446,Belly Bandit Upsie Belly Pregnancy Support Band - Black (Medium),5164,1
2447,Durex Real Feel Pleasure Gel & Lubricant 50ml,100627,0
2448,Babydan Tablet Back Seat Organiser,5676,0
2450,Chicco Sleeping Bag & Fitted Sheet Set - Delicacy,6113,0
2451,Carriwell Belly Belt Extender,40184,1
2452,Medicare Maternity Pads - 10 Pack,41530,0
2453,Ardo - Calypso Ultimate Pump Pack: Best Seller!,41462,1
2454,Haakaa 100% Natural Disposable Nursing Pads - Round,5388,0
2455,Britax Romer Evolva 1-2-3 Black (9 Mnts - 12 Yrs),6134,1
2456,Ibasal Digital Thermometer,43486,0
2457,The Gro Company - Gro Light,100259,1
2458,Chicco Next2Me Bedside Crib - Dove Grey (FREE SHEETS),5289,1
2459,Bioxsine Forte Spray,41897,0
2460,BabyDan Extra Tall (105 cm) Configure/Hearth Gate - Black,,0
2461,Beaba Stacked Formula Milk/Snack Dispenser - Nude,41013,1
2462,Lady Comp World's Most Advanced Fertility Monitor,100777,1
2463,Nioxin - Intensive Hair Booster - 30ml,100107,0
2464,Basq Citrus Sugar Skin Perfecting Scrub,5728,0
2465,Medicare - Burn Gel 125ml,100842,0
2466,Dreambaby Premium Bath Seat Aqua/Blue,42366,1
2468,Lansinoh Lanolin Nipple Cream 40g,41463,1
2470,Early Pregnancy Tests - 10 Pack,40976,0
2471,Clevamama Corner Cushions - 4 Pack,,1
2472,Pregnacare Liquid 200ml,5937,0
2473,Sleepytot Big Bunny Baby Comforter - Grey,5403a,1
2474,Babydan Under Door Stop,40754,1
2475,BabyDan No Trip Beechwood (71.5-78.5 cm),100677,1
2476,Lansinoh Manual Breast Pump,41430,1
2477,Babydan Window Lock,40759,1
2478,Belly Bandit Original Black (Postpartum),,1
2480,Advanced Pregnancy Planning Kit (Gold Package),6155,0
2481,BabyDan Configure Flex XL Hearth Gate White 90-278cm,100675,1
2484,Dreambaby Non Slip Bath Suction Mat Small,42348,0
2485,Ardo Calypso Double Plus Electric Breastpump,100013,1
2486,BabyDan Lambskin Stroller/Car Seat Liner,6110,0
2489,Durex Invisible Extra Thin Condoms - 12 Pack,4955,0
2490,Replacement Crib Mattress - Fits Babylo Cribs,6138,0
2491,Bio Oil 200ml,5701,0
2493,BabyDan Configure Flex Gate Medium - White (90-146 cm),41122,1
2494,Vitabiotics Pregnacare Plus 56 Tablets,4231,0
2495,Miracle Box : Birthing Ball & Total Guide,,0
2496,Chicco Pocket Snack Booster Seat Dark Grey,8568,1
2497,Dreambaby - Cabinet Flexi-Lock,40590,1
2499,Kegel8 Ultra 20 Electronic Pelvic Toner,45117,1
2500,Scholl Fungal Nail Treatment 3.8ml,100606,0
2501,Belly Bandit Hip Bandit,5163,0
2502,Babydan Park-A-Kid / BabyDen Playpen - White,40749,1
2503,Babydan Cabinet Door Lock,40764,1
2504,Celebrity Slim Shakes Variety Pack 20 Assorted Shakes 1100g (20x55g),41580,0
2505,SnoozeShade Plus Deluxe - Single Prams & Buggie,5175,1
2506,Sleepcurve Crib Mattress,42531,0
2507,Mustela Baby Massage Oil 100ml,5734,1
2508,Neen Educator Pelvic Floor Exercise Indicator,6228,0
2509,Ovulation Tests - 10 Tests,40977,0
2510,"Nioxin - System Kit 4 (Thinning, Fine, Treated)",100103,0
2511,CLA Booster Pharma Nord - 90 & 30 Free Capsules,41545,0
2513,Babydan Wall Mounting Kit - Black,41391,0
2514,Pre-Conceive Fertility Supplement,100420,1
2515,Dreambaby Corner Protectors 8 Pcs,42360,0
2516,Durex Pleasure Ring (1 pk),5376,0
2517,Finger Pulse Oximeter - Waveform and Bargraph Display,100732,0
2518,Selenium+Zinc Pharma Nord,42101,1
2519,Chicco Pocket Snack Booster Seat - Lime,100954,1
2520,Burts Bees Baby Bee Bubble Bath,40874,0
2523,Mustela Stelatria Cleansing Gel Irritated Skin 150ml,5732,0
2525,Celebrity Slim Snack Bar Rocky Road 5 Pack,42077,0
2526,Beaba Pasta / Rice Cooker - Babycook Original /Original Plus Gypsy,41024,0
2527,Kegel8 Pelvic Toner Comfort Probe,43853,0
2528,Easy Touch Blood Cholesterol Monitoring System,4321a,0
2529,Dreambaby Bathroom Safety Kit - 28 Piece,5743,1
2530,Ardo Replacement Breast Shells,,0
2531,Dreambaby Foam Corner Bumpers 4 Pk,42369,1
2532,Beaba Babycook Duo - Grey and white,41953,1
2534,Biocare Magnesium Taurate (60Cps),44603,0
2535,Safetots Designer Fire Guard,6159,0
2536,Dreambaby Soft Bite Spoons - Pvc Free - 2 Pk,,0
2537,Tommee Tippee Refill 3 Pack,41969,1
2539,"Nioxin - System Kit 2 (Noticeably Thinning, Fine)",100101,0
2540,Gymnic Birthing Ball,,0
2541,Babypotz Assorted Pack (50 Pots and Lids),100592,0
2542,Nelsons Teetha Natural Teething Granules 24 Sachets,5107,1
2544,BabyDan No Trip Wall-Mounted Metal Safety Gate - White (72.5 - 78.5 cm),41585,1
2545,Angelsounds Fetal Doppler - Pocket Size with Free Ultrasound Gel,100870A,0
2547,Dreambaby Under Door Gripper,43833,1
2548,Babystart FertilCount - Contains 2 Sperm Tests,4983,0
2550,The Gro Company - Grobag Fly A Kite 18-36m 3.5 Tog,100206b,0
2551,Vitabiotics Pregnacare Breast-Feeding Supplement 84 Tablets/Caps,4634,0
2552,Babydan 3 in 1 Kids Seat Toilet Trainer,100536,1
2553,"Compression Socks by FITLEGS Life, Basket Weave - Medium GRADE 1",6025,0
2555,Pals Blue Electrodes For Sensitive Skin 5cm x 5cm,41412,0
2556,Beaba Set of 3 conservation jars -120ml (4oz) / 240ml (8oz) / 420ml (14oz),41020,0
2557,BabyDan Standard Extend-A-Gate Kit - Black (2 X 7 cm),40987,1
2558,MooseNoose Toddler Safety Harness,6334,1
2559,Durex Condoms Extended Pleasure - 12 Pack,100264,0
2560,Nioxin - Scalp Revitaliser 4 - 1000ml (Conditioner),100136,0
2561,Fred Clear View Stairgate Pressure Fit,6345,1
2562,Dreambaby Multi Purpose Latch - 3 Pk,5745,1
2563,Durex Condoms Latex Free 12 Pack,100631,0
2564,InHealth Fetal Doppler - Pocket Size with Free Ultrasound Gel,6126,0
2566,Ardo Nipple Cream 100% Pure Lanolin Gold Cream 30ml,100787,0
2568,Omron Walking Style One 2.0 - Pedometer,42858,0
2569,Dr Brown's Blue Dots Prevent Soother 6-12,5130,1
2570,Wrist Blood Pressure Monitor,100736,0
2571,Clevamama Clevascoop - Infant Formula Scoop,41249,0
2572,BabyDan Configure Flex XL Hearth Gate Black 90-278cm,40748,1
2574,NHP Vitamin C Plus - 60 Capsules,41333,0
2575,Arm Blood Pressure Monitor,100737,0
2577,Babydan On-Off Appliance Lock,40753,0
2579,Babydan Stroller Organiser,5684,0
2580,BabyDan Food Mill (Great for Holidays),100857,0
2581,Pregnacare Max,43378,0
2582,Burts Bees Diaper Ointment,40869,0
2583,Crane 'Elliot The Elephant' Cool Mist Humidifier,6332,1
2584,Clearblue Fertility Advanced Monitor,45188,1
2585,Biocare Pregnancy & Lactation Formula (60cps),5929,0
2586,Omron Lightweight Large Display Pedometer,41113,0
2588,Haakaa Silicone Breast Pump Flower Stopper - Blue,5306,0
2589,Clevamama ClevaSleep Plus Elevated Support,40562,1
2590,Ardo Brush For Cleaning - 3,41517,0
2591,Durex Condoms Extra Safe 20 Pack,100629,0
2592,Clevamama ClevaFoam Baby Pillow,40561,0
2593,Babylo Cozi Sleeper,6120,0
2594,Bio Oil 60ml,4247,0
2596,Dreambaby Stove Knob Covers 4 Pk,42355,1
2597,Fertility Bundle 50% OFF,100918,0
2598,Ardo Optiflow Silicone Insert,41492,0
2599,Beaba Babycook Solo/Duo Jug,41379,0
2601,Dreambaby Microwave & Oven Lock,42347,0
2602,Clearblue Advanced Fertility Monitor Refill Tests - 20 Fertility Tests & 4 Pregnancy Tests,45187,1
2604,Nioxin Cleanser 4 - 300ml (Shampoo),100117,0
2605,Durex Play Sweet Strawberry Lubricant Gel 50ml,100626,0
2606,BabyDan Standard Extend-A-Gate Kit - White (2 x 7 cm),40986,1
2607,BabyDan Nursing Pillow - Bunnyhop Grey,100856,0
2608,Mama Mio Keep Calm Nipple Balm 30ml,100085,0
2609,BabyDan Danamic Narrow Pressure Fit Safety Gate White (63-69.5cm),6033,1
2610,Babymoov Anti-UV Tent 50+ Factor UV Protection,5872,1
2612,NHP Advanced Fertility Support For Women (60 Caps),41034,1
2613,Babymoov Lovenest - Original Smokey,5868,0
2614,Babydan Furniture Straps - 2'S,40763,1
2616,Pogu 5 in 1 Safety Reflective Kit,6139,0
2618,BabyDan Pet Gate Extra Tall - White (73-79.6cm; Max 120),100695,0
2619,Tena Flex Super,Tena Flex Super,0
2620,Babydan Premier True Pressure Fit Safety Gate - White (73.5 - 79.6cm),40744,1
2622,Zita West - Pregnancy Plan,4880,0
2623,Babydan Adhesive Magnetic Lock,40765,1
2624,Babylo Metal Playpen - White with Grey Mattress,6118,0
2625,Scholl Flight Socks Sheer UK 6.5 - UK 8,100625,0
2626,Beaba Babycook Baby Food Maker/Steam Cooker/Blender Grey,43549,1
2627,New Mum Disposable Briefs - Medium,5036,0
2628,Mama Mio Lucky Legs 100ml,40398,1
2629,Clevamama Fireplace Edge Guard,40568,1
2630,Nuk Breast Pads Ultra Dry Comfort 24,100287,0
2631,Celebrity Slim Handy Pack Chocolate 7Pk 385g (7x55g),100873,0
2632,Angelsounds JPD100S4 (Music + Recording) Fetal Doppler,4488,0
2633,Carriwell Hospital Panties - 4 Pack - Washable,40182,1
2634,Beaba MultiPortions Silicone 6x90ml Neon,5017,0
2635,Lansinoh Diaper Rash Cream,42081,0
2636,"Scandinavian Pet ""EXTRA TALL"" Gate Extension 72cm - Black",5260,0
2637,Scholl Orthaheel Sports Large,100611,0
2639,Scholl Velvet Smooth Nail Care Oil 7.5ml,5338,0
2640,Mama Mio Pregnancy Boob Tube 100ml,4512,0
2641,Carriwell Adjustable Overbelly Support Belt,,1
2642,Mustela Maternité Stretch Marks Serum - Fragrance Free 45ml,5737,0
2643,Beaba Pasta / Rice Cooker - Babycook Original /Original Plus,5166,0
2644,Durex Condoms Thin Feel - 20 Pack,100630,0
2645,Chicco Trio StyleGo Travel System - Black Night,6017,1
2647,Ardo Easyfreeze - 20 Breast Milk Bags,41506,0
2648,Clevamama - Car Seat Footmuff,6112,0
2649,Durex Intimate Feel 12's,100267,0
2650,Clearblue Advanced Digital Ovulation 10 Tests (1 Month),43904,1
2651,Carriwell Lace Drop Cup Nursing Bra Black,46065,1
2652,Safetots Tiny Charms Compact Foldable Highchair,6158,0
2653,Kegel8 Vaginal Cones,100648,0
2654,Baby Vit D (Vitamin D Drops),5936,0
2655,Grobag Twinkle Twinkle 3.5 Tog,,0
2656,Scholl Ingrowing Toenail Complete Clip And Spray Kit,5863,0
2657,Tommee Tippee Twist and Click Advanced Nappy Disposal System Starter Set,41968,1
2658,Beaba Babycook Duo - Neon,41015,1
2659,"Medicare Inflatable Ring Cushion 16""",6186,0
2661,Smart Tens ( Most Popular - Has Everything!),40149,1
2662,Haakaa Silicone Breast Pump Lid (Fits 100ml or 150ml),5303,0
2663,Haakaa Silicone Breast Pump with Suction Base 150ml,5355,1
2664,Obi Tens ( Simple/Great Value + Booster),4860,0
2665,Summer Infant My Size Potty,5664,2
2666,Babymoov Shampoo Eye Shield,5871,0
2667,Clearblue Pregnancy Test - Double Check & Date,45189,0
2668,Celebrity Slim Meal Replacement Bar - Fruit & Nut 12Pk,41550,0
2669,Sasmar - Conceive Plus 8 pre-filled applicators,100281,0
2670,Lansinoh TheraPearl 3-in-1 Breast Therapy Packs,5385,1
2671,Zita West Vital Dha: Men & Women,4290,1
2672,Babylo Large Baby Bath Sponges,,0
2673,Ardo Breast Shell 28mm,100776x,0
2674,Ardo Silicone Tube Pumpset,41503,0
2675,Carriwell Post Birth Shapewear Control Panties (XL),40225,0
2676,Dreambaby Magnetic Lock 2 Locks 1 Key,100019,1
2677,Dr Brown's Pink Training Cup Soft Spout 180ml,5147,1
2678,Scholl Insoles - Gel Activ Everyday - Women,100616,0
2679,Veet Sensitive Precision Beauty Styler,5241,0
2682,Clearblue Pregnancy Test - 1 Test,4147,0
2683,Easy Touch® Blood Glucose / Cholesterol Monitoring System,4321,0
2684,Lace Drop Cup Nursing Bra,m1,0
2686,Babylo Oasis Hi Lo Chair - Wigwam,6127,0
2687,BabyDan Safety Starter Set 22 Piece,100707,0
2688,Silvercross POP Pushchair - Black,7196,0
2689,Dreambaby Foam Edge Bumper 2M Roll,42371,0
2690,KY Jelly Personal Lubricant - 50ml,100647,0
2691,Ardo Bottle Set,41505,0
2692,Mustela Maternity Body Firming Gel 200ml,5739,0
2694,Mustela Maternity Bust Firming Serum 75ml,5738,0
2695,Babydan Danchair Comfort Cushion - Black,5296,0
2696,Haakaa New Mum Starter Kit,6190,0
2697,Respisense Ditto Breathing Monitor,43670,0
2698,Ultrasound Gel 250ml,4707,0
2699,Kegel8 Tight & Tone Electronic Pelvic Toner,43846,1
2700,Summer Infant Pop N Play Portable Playpen,5658,1
2701,Kegel8 Tight & Tone Plus Electronic Pelvic Toner,43847,1
2702,BabyDan Cotton Cellular Blanket - White,100806,0
2703,Durex Play Feel Lubricant 50ml,4470,1
2704,Babystart FertilMan Vitamin Supplement for Men,4986,0
2705,Mama Mio - Goodbye Stretch Marks 100ml,4553,0
2706,Burts Bees Baby Bee Shampoo & Wash,40866,0
2707,Durex Intense 12 pack,5373,0
2708,Ardo Flexible Membrane Pot,41501,0
2709,Safer Baby Cot Divider,5662,0
2710,Omron Rs3 Wrist Blood Pressure Monitor,4115,1
2712,Tena Flex Plus (Small) 30 Pk,41908,0
2715,Mustela Maternity Light Legs Gel 125ml,5741,0
2716,Lansinoh Disposable Nursing Pads - 24,41467,0
2717,Lansinoh Milk Storage Bags - 25,41470,1
2718,Dreambaby Toilet Lock,43834,1
2719,Dreambaby Potty Seat with Handles - White,5653,1
2720,Durex Play 2 In 1 Massage Aloe Vera 200ml,41006,0
2721,Haakaa 300ml Wide Neck Stainless Steel Baby Bottle - Blue,6099,0
2722,Durex Condoms - Pleasure Me Ribbed & Dotted - 12 Pack,100268,0
2724,Gro Fabric And Pattern Set,40671,0
2725,Carriwell Maternity Support Band,,0
2727,Basq Fragrance Free Mega Moisture Butter,5727,0
2728,"Dreambaby Anti-Slip Bath Mat With ""Too Hot"" Indicator",5651,1
2729,Mama Mio Megamama Super-Rich Omega Body Lotion 150ml,5393,0
2732,Drugs Test Card (Screens For 10 Substances),100270,0
2733,BabyDan Flexi Fit Metal Stair Gate - Black (67-105.5 cm),100852,1
2734,Beaba Babycook Cleaning Product - Descalling Agent 500ml,41993,0
2735,Dreambaby - Bump Belt,5685,1
2736,Scholl Velvet Smooth Pedi Wet & Dry Refill,5214,0
2737,Celebrity Slim Handy Pack Assorted Soups 7Pk 373g (3x55g / 4x52g),100876,0
2738,Babydan Wall Mounting Kit - White,41390,0
2741,Pregnacare Conception 30 Tablets,4636,0
2743,"BabyDan Configure /Flex Hearth ""GATE DOOR SECTION"" Black 72cm",5934,0
2744,Red Castle Cocoonababy Nest,5180,1
2746,Kegel8 BEAC Med Perisphera O Perineal Probe,100567,0
2748,Dreambaby Cord Wind-Ups for Blinds - 2 Pack,40691,1
2750,Haakaa Silicone Teething Toothbrush with Suction Stand,5305,0
2751,Babylo Baby Changer Zoo Pals Cream,6121,0
2752,Weleda Breastfeeding Nursing Oil 50ml,5394,0
2753,Dr Brown's Blue Training Cup Soft Spout 180ml,5131,1
2754,Vicks WarmMist Humidifier - VH845E1,6265,1
2755,Ardo Electric To Manual Converter Accessory,41850,0
2756,Babydan Window Cling Sunshade,5679,0
2757,Ardo Double Pumpset,41490,1
2758,Gymnic Pump for Birthing Ball,6339,0
2760,Babylo Step Stool,6115,0
2761,Britax - Adventure Cosmos Black (3.5 Yrs - 12 Yrs),6243,0
2762,Nourkrin Woman,43389,0
2763,Haakaa 300ml Wide Neck Stainless Steel Bottle - Pink,6101,0
2764,Arc Meningitis Early Alert Pack,5073,0
2765,BabyDan Room Divider XXL White 90-350cm + Wall Fittings,100924,0
2766,Dreambaby Stove Top Guard,5652,1
2767,Elle Tens ( More Control For Labour + Booster),4848,1
2769,ClevaMama Tencel  Waterproof Mattress Protector (Cots & Cribs),,0
2770,Selfcheck Multi-Drug Test,42083,0
2771,Kegel8 Biofeedback Pelvic Trainer,100649,1
2772,Babydan Uk & Ireland Socket Covers - 6 Pack,40752,1
2773,Chicco Next2Me Crib - Dove Grey,5289a,1
2774,Crane Drop Cool Mist Humidifier - Blue,6331,1
2776,Scholl Express Pedi Diamond Refill Coarse,100604,0
2777,Basq Lavender Sugar Skin Perfecting Scrub,5729,0
2778,Scholl Velvet Smooth Wet & Dry Foot File,5213,0
2780,BabyDan Perfect Close Gate White (77.3cm - 83.5cm; Max 110cm),6032,0
2781,Basq Cooling Body Bliss Lotion,5730,0
2784,Babydan - Extend a Gate Pet Gate Extension - White,5215,0
2785,Babydan Corner Cushions - 4 Pack,40760,1
2786,Britax Romer Advansafix III Sict Black (9 Mnts - 12 Yrs),6136,1
2787,Scholl Gel Activ Women's Everyday Heels Insoles,5208,0
2788,Durex Intense Gel 10ml (20 Uses),5375,2
2789,Grobag - Grobag Sleepy Circus 2.5 Tog,,0
2790,Sacroiliac Belt 66fit Elite (L/XL),5899,1
2791,Grobag - Roll Up Wash & Wear Grobags Twin Pack,,0
2792,The InHealth Hospital Bag,5742,0
2793,Easy Touch Glucose Test Strips 25's,4322,0
2794,Babylo Baby Carrier Black,6133,0
2795,Proxeed - Women 30 x 6g sachets,100275,0
2796,First Response Pregnancy Test - 2 Tests,4154,0
2798,Omron M3 Intellisense Arm Blood Pressure Monitor,4614,1
2799,Aveeno Ultra Calming Daily Recovery Cream 50ml,41864,0
2800,Carriwell Silk Washable Breast Pads (6 Pack),40183,0
2802,Babydan Premier True Pressure Fit Safety Gate - Black (73.5 - 79.6cm; Max 119.3),41118,1
2803,The Gro Company - Grobag Fly A Kite 18-36m 2.5 Tog,100206a,0
2804,Proxeed - Plus 30 x 5g sachets,4217,1
2805,Carriwell Lace Nursing Bra,,0
2806,BabyDan Room Divider XXL Black 90-350cm + Wall Fittings,100804,0
2807,Muslin Cuddles Muslin Squares White (6pk),5661,0
2808,Mama Mio - Tummy Rub Butter : For Stretch Marks 120g,4704,1
2809,Tena Pants Discreet (Large) - 10 Pants,41606,1
2810,Selfcheck Urine Infection Test,4333,0
2811,Nelsons Teetha Teething Gel - 15g,5113,1
2812,"Beaba Anti-Bacterial Soother Storage - ""Play Print"" Blue",41991,0
2814,Pabobo Dream Theater Hippo,5181,1
2815,Dreambaby Multi Purpose Latch (mini) - 2 Pk,5746,1
2817,Theraline C-Section Belt,5288,0
2818,Chicco MiniMo Stroller Black Night,6018,1
2819,Finger Pulse Oximeter - Bargraph Display,8773,0
2820,Haakaa Silicone Breast Pump Flower Stopper - Purple,5304,0
2821,Zita West - Vital Essence 1 (For Your 1st Trimester),4286,0
2822,Respisense Ditto Replacement Battery,5395,0
2823,Celebrity Slim Handy Pack Strawberry 7Pk 385g (7x55g) Buy One Get One Free,100874,0
2824,Beaba Biboz 1st Stage Teats - 2 Pack,41985,0
2825,Beaba Feeding Bottle Draining Rack Nude,41014,0
2827,Carriwell Comfort Bra (Small),40178,1
2828,Haakaa New Mum Premium Kit,6191,0
2829,Omron M7 Intelli IT,40166,0
2830,Fred Universal Stair Post Kit,6343,1
2832,Scholl Orthaheel Sports Medium,100610,0
2833,Body Clock Rectangular Electrodes 40mm X 100mm,40337,0
2835,Medela Swing Breast Pump,5808,2
2836,Dreambaby Room and Bath Thermometer Duck,42358,1
2838,Basq Intensive Treatment Stretch Mark Butter,5723,0
2840,Mustela Stelatria Recovery Cream Irritated Skin 40ml,5733,1
2841,Sleepcurve Crib Mattress Sheets 2PK 38 x 89cm,42532,0
2842,Buy 2 Get 1 Free Multi-Mam Balm - Nipple Care For Breastfeeding Mums,5193A,0
2843,Vitabiotics Pregnacare New Mum,43379,0
2844,My Brest Friend Pillow Blue Stripe,5816,1
2845,Babydan Park-A-Kid / BabyDen Playpen - Black,40750,1
2846,NHP Advanced Fertility Support For Men (90 Caps),41035,1
2847,InHealth Finger Pulse Oximeter - Bargraph Display,6125,0
2848,Scholl Flight Socks Cotton UK 9.5 - UK 12,100623,0
2849,"BabyDan Configure /Flex Hearth ""GATE DOOR SECTION"" White 72cm",5933,0
2850,Lassig Green Label Neckline Baby Changing Bag - Black Melange,5177,0
2851,Fertility Starter Pack for Him,6154,0
2853,Nourkrin Conditioner - 150ml,4920,0
2855,Multi-Mam Compress Bundle - Treatment For Breastfeeding Mums 3PK,5192A,1
2856,BabyDan Danchair Comfort Cushion - Beige,100666,0
2857,Scholl Athlete's Foot Complete Kit - Spray & Pen,5212,0
2858,Fetal Doppler Large LCD Display - Professional Model,5690,0
2859,InHealth Digital Basal Thermometer For Fertility Charting,6030,0
2860,Nioxin - System Kit 1 (Normal To Thin Hair),100100,0
2861,Scholl Insoles - Gel Activ Sport - Women,100618,0
2862,Breastfeeding Essentials Kit,9999a,0
2863,Scholl Light LEGS Tights (Black Compression Tights),,1
2865,Beaba Babycook Solo Rose Gold Limited Edition,5892,1
2867,Babymoov Cosydream+,5866,0
2869,Scholl Orthaheel Regular Large UK 9 - 10,100614,0
2870,Female Fertility Test: Babystart,4179,0
2871,Chevron Changing Mat - Turquoise,5655,0
2872,Maternity Cushion - Babymoov Mum & B,5870,0
2873,Babydan Car Seat Protector With Storage,5678,0
2874,Dreambaby Refrigerator Latch,42350,1
2875,Safetots Chunky Wooden Pressure Fit Stair Gate Natural 74cm-81cm,6162,0
2876,Bepanthen Nappy Care Ointment 100g,5109,0
2877,Britax Romer Dualfix Black (Birth - 4 Yrs),6135,1
2878,Morning Sickness Sea-Band Mama,5939,0
2880,Pregnacare Original - 30 Tablets,5938,0
2881,Optrex Warming Eye Mask,5248,0
2882,Babylo Deluxe Premium Baby Bath,6114,0
2883,"Compression Socks by FITLEGS Life, Nordic",,0
2884,BabyDan Wooden Bedrail White,100683,0
2885,Babydan Easy Fix Drawer & Cupboard Lock,40755,1
2887,Summer Infant Deluxe Nursery & Bath Care Kit - 24 Piece,5657,0
2888,KidKusion Banister Guard,6163,1
2889,"InHealth Adhesive Magnetic Locks (4 Locks, 1 Magnetic Key)",5297,1
2890,Dreambaby Window Latch-Outward Opening Windows,42363,0
2891,Angelcare Baby Movement Monitor with video AC327,40978,1
2892,Dr Brown's Watermelon Teether (3m+),5149,0
2893,Vitabiotics Wellwoman 50 Plus 30 Tablets,45127,0
2894,Pregnancy & Ovulation Calendar Wheel,4177,0
2895,Durex Condoms Real Feel - 12 Pack,100266,0
2896,Dreambaby Bath Seat W/Foam Padding & Heat Sensor,42367,1
2897,Mama Mio - Tummy Rub Butter (Supersize) 240g,6213,1
2898,Durex Natural Lubricant 100ml,5374,0
2899,Babydan - Folding Bedrail Black,100534,0
2900,Dreambaby Adjustable Back Seat Mirror,5663,1
2901,Beaba Stacked Formula Milk/Snack Dispenser - Neon,5165,1
2902,Safetots Original Fire Guard,6160,0
2903,Durex Play Vibrations Ring,4971,0
2904,NHP Ante Natal,41037,0
2906,Babydan 72Cm Extension Section (White),41123,1
2907,Miracle Box - Peanut Birth Ball 50cm,5301,0
2908,SleepyTot White Silicone Adapter Ring (2 Pack),6098,0
2909,Clevamama Soother Tree - Microwave Soother Steriliser,40564,1
2910,Babylo BizzyBee Walker,6123,0
2911,Chicco Hoopla Bouncer Legend 0+ Months,6012,1
2912,Dr Brown's Soother Twin Pack 0-6 months,5129,1
2914,"Grobag - ""Roll Up"" Day & Night 2.5 & 1 Tog Twin Pack",,1
2915,Clearblue Pregnancy Test - 2 Tests,4148,0
2916,BabyDan Cuddle Nest Baby Pod (0-6 Months),5683,0
2917,Pharmony Gripe Water 150ml,5173,0
2919,Easy Use Regular Urine Collection Cups - 1 Cup,4765,0
2921,Belly Bandit (Bamboo) - Post Pregnancy,,0
2923,Babydan Double Stroller Hook,5682,0
2924,Midstream Early Pregnancy Tests - 5 Pack,100017,0
2925,Durex Play Sensual Massage 2 In 1,40923,0
2926,Dreambaby Car Window Roller Blind Adjustable- 2Pk,42278,0
2927,Aquaflex Weighted Vaginal Cones,6230,0
2928,Beaba Babycook Baby Food Maker/Steam Cooker/Blender Neon,43829,1
2929,Scholl Orthaheel Regular Small UK 5 - 6.5,100612,0
2930,Fertilcheck Fertility Test for Couples,4181,0
2931,Medicare Pregnancy Support Belt,,0
2932,Slumber Bear Original (3 Colour Options),,0
2933,Sasmar Conceive Plus Womens Fertility Support 60 Caps,5915,0
2934,Nioxin Scalp Treatment 4 - 100ml,100119,0
2935,Fred Clear View Stairgate Screw Fit - No trip,6344,1
2936,Carriwell Seamless Maternity Bra (White),,0
2937,Pericalm Pelvic Floor Stimulation Unit (Probe Sold Separately),6232,0
2938,NEW Clearblue Early Detection Pregnancy Test 1,5315,1
2939,Babystart FertilMan Plus Sperm Development Supplement 30 Days,4987,0
2940,"Angelcare Baby Movement Monitor, with Sound AC127",40583,1
2942,BabyDan Configure Flex Gate Large - Black (90-223 cm),41121,1
2944,Chicco Zip and Go Travel Crib Glacial (0-24 months),6330,1
2945,Mustela Maternity Soothing Moisturizing Balm 200ml,5740,0
2946,Scholl Gel Activ Women's Heels Insoles,5209,0
2947,Babydan Guard Me Auto Retractable Safety Guard - Fits  55cm - 89cm,100531,1
2948,NUK Pelvic Floor Trainer,100590,0
2949,Nioxin - Deep Repair Hair Masque - 150ml,100106,0
2950,Babymoov Dream Belt - Ergonomic Pregnancy Sleep Support,5869,1
2951,East Coast Wooden Activity Cube,5659,0
2953,WaterWipes Biodegradable Baby Wipes 60 pack x 12,6108,0
2954,Compression Stockings Open Toe - Suitable for Maternity,,0
2955,Angelcare Movement Monitor AC300,40734,0
2956,Haakaa Wide Neck Anti-Colic Nipple,,0
2957,Lady-Comp Basic Get In Tune With Your Body,5009,0
2959,Clevamama - ClevaCushion 10-in-1 Nursing Pillow,100869,0
2960,Chicco Polly 2 Start Highchair - Fancy Chicken,6020,1
2961,Red Castle Cocoonababy Nest Ergonomic Baby Wedge,5895,1
2962,Celebrity Slim 7 Day Banana Shake Pack - 14 Pack,41565,1
2963,Mustela Baby 1 2 3 Vitamin Barrier Cream 100ml,5731,1
2965,Basq Resilient Body Stretch Mark Oil - Lavender,5725,0
2966,First Aid Kit - 40 Pieces,5312,0
2967,Fetal Baby Heart Monitor Doppler - Premium Model,100697,0
2968,New Mum Disposable Briefs - Large,5037,0
2969,Braun ThermoScan 7 Thermometer with Age Precision,5386,1
2970,Babydan On-Off Drawer Locks - 4 Pack,40761,1
2971,Haakaa Silicone Nipple Shields - 2 Pack,5383,0
2973,Mustela Maternity Stretch Marks Prevention Oil 105ml,5736,0
2974,Ardo One Mum Pumpset,42475,0
2975,Scandinavian Pet Configure Extra Tall Gate,5259,0
2977,Preseed - Sperm Friendly Lubricant,4204,0
2978,Carriwell Lace Stretch Panties,,0
2979,Babylo Racer 500 Walker,6124,0
2983,Grobag Little Aliens 2.5 Tog 0-6 Months,43089,0
2985,Boppy Feeding and Infant Support Pillow - Peaceful Jungle,100880,1
2986,"Compression Socks by FITLEGS Life, Skulls",,0
2987,Gro-Clock,40469,1
2988,Ardo Amaryll Manual Breast Pump,41459,1
2989,Ardo Lip Valve - 2,41499,0
2990,Babystart Fertilmate Scrotum Cooling,40742,0
2991,Dreambaby Bath Soft Spout Cover,42359,1
2992,Mama Mio - Tummy Rub Oil : For Stretch Marks,,1
2993,Sensatone Digital Pelvic Floor Stimulator,40947,1
2994,Nourkrin Woman Special Value Pack,45091,0
2995,Doomoo Seat Original - Taupe,5814,1
2996,Clevamama - ClevaCushion 10-in-1 Nursing Pillow - Grey,6111,0
2997,Angelsounds JPD100S Fetal Doppler,4489,0
2998,Zita West - Vital Essence 3 (For Your 3rd Trimester),4288,0
3000,SISSEL Sit Ring (Doughnut Cushion),6231,0
3001,BabyDan Danchair Beech,100696,0
3003,Nioxin - System Kit 3 (Normal/Thin/Treated),100102,0
3004,Babydan Head Rest Mounted Tablet Holder,5680,0
3005,Babydan Adjustable Rear Seat Wide Angled Mirror - Large,5677,0
3006,Flat Screen TV Saver,45098,1
3007,Dr Brown's Giraffe Massager Teether,5134,0
3008,Grobag Winter Warmer 3.5 Tog 6-18 Months,100861,0
3009,Beaba Babycook Original Grey/Blue,5019,1
3010,Pelvic Toner,41662,0
3011,Haakaa Wide Neck Breast Milk Storage Set - Borosilicate Glass (4x180ml),5382,0
3012,Grobag - Grosuit Blue Spot Twin Pack 3-6m,100235,0
3013,Mama Mio - Boob Tube + 100ml,100083,0
3014,"Nioxin - System Kit 5 (Normal To Thin, Medium To Coarse)",100104,0
3015,Tena Flex Maxi X-Large - 21 Pack,41919,0
3016,Chicco Crib Fitted Sheets Set (Next2Me & Lullago) - Delicacy,5351,0
3017,Dreambaby Door Stopper - 1 Pack,4993,0
3018,Dreambaby No Trip Gate Ramp,42372,1
3019,Serola Sacroiliac SPD Belt,,1
3020,Cute Baby Travel Cot (120cm x 60cm) Grey,5660,0
3022,Kegel8 Periform+ Intra-Vaginal Probe,43855,0
3023,Babycook Plus Limited Edition Rose Gold,6312,1
3024,Celebrity Slim 7 Day Starter Pack 770g (14x55g),41558,1
3025,SwimCount - Sperm Quality Test - At Home Male Fertility Test,5176,1
3026,Scholl Velvet Smooth Nail Care System,5210,0
3027,Pregnancy Planning Kit (10 Free Ovulation Tests),4154a,0
3028,Babydan Multi Lock,40758,1
3029,Babymoov Bibed Smokey Sleep Positioner,5867,0
3030,BabyDan Travel Cot Black,100853,1
3031,Saliva Ovulation Test : Reusable!,4023,0
3032,BabyDan 33 cm Extension Section - White,42073,0
3033,Chicco Balloon Bouncer - Mirage,5864,1
3035,BabyDan Window and Door Restrictor,5940,0
3038,Babylo Changing Bag - Black,6131,0
3039,Zita West - Vitamen,43838,0
3040,Boppy Pregnancy Wedge,100928,1
3041,Elvie Kegel Exerciser & Pelvic Floor Muscle Exercise Tracker,5352,1
3042,Scholl Pedi Gift Pack,6214,1
3043,Durex Play Tingle 50ml,4970,1
3044,Dreambaby- Corner Cushions,40586,1
3046,Beaba My First Toothbrush,5169,0
3049,Multi-Mam Balm - Nipple Care For Breastfeeding Mums,5193,0
3050,Kegel8 Glide Gold Vaginal Probe,5372,1
3051,Beaba Jug - Gipsy,41875,0
3052,Babystart FertilCare Vitamin Supplement for Women - 30 Days,4984,0
3053,Babylo Potty,6117,0
3054,LOCKMED LOCKBAG Small,6165,0
3055,BabyDan Configure Flex Gate Medium - Black (90-146 cm),100665,1
3056,Ardo Tube Connector For Pumpset,41500,0
3057,Pulse Oximeter - Lightweight,100739,0
3058,Braun ThermoScan Probe Covers - 40 Pk,5387,1
3059,Babydan 72Cm Extension Section (Black),40989,1
3060,Scholl Velvet Smooth Nail Care Heads x3,5211,0
3062,Britax Romer Kidfix III Sict Black (3.5 Yrs - 12 Yrs),6137,2
3064,Pregnancy Gymnastics Manual,6340,0
3065,Dreambaby Adjustable Baby View Mirror,42281,1
3066,Scholl Insoles - Gel Activ Work - Men,100619,0
3067,BabyDan Multidan Metal Safety Gate - White (W 62.5-106.8 cm),41388,1
3068,Withings Wireless Scale - Black,100896,1
3069,Scholl Flight Socks Cotton UK 3 - UK 6,100621,0
3070,Dreambaby Heat Sensitive Colour Changing Spoons 3 Pk,5748,0
3071,Ardo Day & Night Disposable Breastpads (60pcs),100786,0
3072,Wellman Conception 30 Tablets,40366,0
3073,"Nioxin - System Kit 6 (Thinning, Medium To Coarse)",100105,0
3074,Diono Sure Steps Security Harness,6333,0
3075,Daysy- Fertility Monitor,5010,0
3076,Dreambaby Safety Catches - 6 Pk,40584,1
3077,Mama Mio - Gorgeous Glow 100ml,100084,0
3078,Kegel8 Lubricant & Care Pack,5371,0
3079,Tena Pants Normal (Large),41996,0
3080,Babydan Stroller Cup Holder,5681,0
3082,Ardo Tulips Nipple Shields Size M,41508,0
3083,Lady Comp Baby - Get Pregnant Fast and Naturally,100778,0
3084,Carriwell Adjustable Velcro Support Belt - Size XL,,0
3085,28 Day Natural Fertility Programme with Dr Claire Moran,5194,1
3086,Easy Touch Cholesterol Strips - 10 Pack,4323,0
3088,Ardo Service Kit,41494,0
3089,Beaba Baby Nose-Clear Nasal Aspirator (MiniDoo),5018,1
3090,Zita West - Vital Essence 2 (For Your 2nd Trimester),4287,0
3091,Babydan - Y Spindel - 2 Pack (Allowing Pressure Gates To Be Fitted Onto Stairs),40762,1
3093,Sasmar Conceive Plus Mens Fertility Support 60 Caps,5916,0
3094,BabyDan Configure Flex Gate Large - White (90-223 cm),100664,1
3095,BabyDan Key Guard,100810,0
3097,Clevamama Baby Formula Mixer,40565,1
3098,Nelsons Arnica Cream 30g,41324,0
3099,Dreambaby Retractable Gate Fits Gaps Up To 140cms – White,44755,1
3101,Digital Basal Thermometer For Fertility Charting,4175,1
3102,Doomoo Seat Tree - Sand,5815,1
3103,Celebrity Slim 7 Day Strawberry Shakes - 14 Pack,41569,0
3104,Haakaa Nano Silver Silicone Soother,6100,0
3105,Safetots Simple Stackable High Chair,6157,0
3108,Sasmar - Conceive Plus Fertility Lubricant,100280,1
3109,Haakaa Silicone Breast Pump 150ml with Flower Stopper,5381,2
3110,Clevamama Multi Purpose Edge Guard - 4 Mtr,40571,0
3113,Optrex Night Repair Gel Drops,5249,0
3114,BabyDan Wooden Bedrail Natural,100682,0
3115,BabyDan Flexi Fit Metal Stair Gate - White (67-105.5 cm),41587,1
3116,Dreambaby Sliding Door Lock,5747,1
3117,Basq Resilient Body Stretch Mark Oil - Eucalyptus,5724,0
3118,Caldesene Medicated Nappy Rash Power Extra Large - 100g,5700,0
3119,Haakaa Silicone Breast Pump 100ml with Suction Base & Lid,6216,1
3122,Ardo Easy Clean Microwave Bags (5 pcs),100788,0
3123,Babydan - Gate To Go -Travel Barrier (71-92cm),100533,0
3124,Dreambaby No Screws Safety Kit - 35 Pcs,5744,0
3125,Snuza HeroMD Portable Baby Breathing Monitor,40458,1
3126,NEW Clearblue Early Detection Pregnancy Test 2,5316,1
3127,Babylo Toilet Training Seat,6116,0
3128,Dreambaby Safety Harness and Reins Rainbow,42276,0
3131,First Aid Kit - 70 Pieces,5313,0
3133,Carriwell Seamless Original Maternity & Nursing Bra,,0
3135,BabyDan Danchair White,100685,0
3136,Finger Pulse Oximeter Bluetooth 4.0 - Premium Model,5691,0
3137,Fertility Starter Pack for Her,6153,0
3138,Babymoov Hygro+ Humidifier,5865,1
3139,Tena Comfort Plus,41603,0
3140,Non-Contact Infrared Forehead Thermometer,100733,0
3142,Dreamgenii Pregnancy Pillow,4007,1
3144,Safetots Folding Wooden High Chair Dark Wood,6156,1
3145,Eldoncard - Blood Group Test,4071,1
3146,Spare Dreamgenii Standard Pillow Cover,4681,1
3148,Tena Slip Plus,Tena Slip Plus,0
3149,Lassig Green Label Neckline Baby Changing Bag - Black,5178,0
3150,Babydan - Guard Me 14cm Ext Kit (Ext Up To 113.5cm),100532,1
3153,BetterYou Magnesium Oil Spray 100ml,BETY_3300,0
3156,Safetots Advanced Retractable Safety Gate Black,6161,1
3158,BabyDan Multidan Beechwood Safety Gate (60.5 -102 cm),41588,1
3159,Grobag Winter Warmer 3.5 Tog (18-36 Months),,0
3160,BV Maternity Pads 10 x 30cm - 10 Pack,5185,0
3161,Zita West - Revital Essence - Post Natal,4289,0
3162,Multi-Mam Compresses - Treatment For Breastfeeding Mums,5192,1
3163,Bioxsine Forte Shampoo - 300ml,41896,0
3164,Clevamama Transparent Oven Door Guard,40567,1
3165,Dreambaby Retractable Gate Spacers,6187,1
3166,"Omron Walking Style IV Step Counter Pedometer, 3D Sensor - White",100774,0
3167,LOCKMED Medication Combination Lock Box Large,6429,0
3168,Chicco Next2Stars Baby Night Light Projector,,1
3170,Haakaa Silicone Breast Pump 150ml with Lid,5384,2
3171,Relactagel,4429,0
3172,Belly Bandit Belly Shield - Black - XS-Medium,5159,1
3173,Clevamama Oven Door Lock,40566,0
3174,"Pre-Seed Lubricant Duo ""Limited Time Offer""",4204a,0
3175,Boppy Total Body Pregnancy Pillow,100926,1
3176,Nioxin Scalp Revitaliser 3 - 300ml (Conditioner),100115,0
3177,BabyDan Cotton Cellular Blanket - Blue,100807,0
3178,BabyDan Cotton Cellular Blanket - Pink,100808,0
3179,Clearblue Advanced Digital Ovulation 20 Tests (2 Months),43903,1
3180,Caldesene Powder 20gm,42310,0
3181,Celebrity Slim 14 Assorted Shakes 770g (14*55g),41563,0
3182,Celebrity Slim Active Chocolate Shake 840g (21 Shakes),43865,0
3183,Clearblue Digital Ovulation Test - 10 Tests,43905,1
3184,Clearblue Digital Pregnancy Test - 1 Test,4144,0
3185,Clearblue Digital Pregnancy Test - 2 Tests,4145,1
3186,Dreamgenii Pregnancy Pillow Nature Green,6442,1
3187,Haakaa Goats Wool Wooden Hairbrush,6432,1
3188,Haakaa Silicone Inverted Nipple Corrector,6433,0
3189,Haakaa Silicone Noodle Spoon Green,6434,1
3190,Haakaa Flow Cup (Menstrual Cup) 18ml Valve,6435,1
3191,Haakaa Silicone Baby Food Tube and Feeding Spoon Green,6438,0
3192,Haakaa Natural Owl Smiling Teether BPA FREE,6446,0
3193,Haakaa Oreo Silicone Cookies FREE Teething Necklaces BPA FREE,6447,1
3194,Omron Pocket Nebuliser MicroAIR U100,6454,1
3195,Infrared Thermometer with Unique Child Mode (Ear & Forehead) - Exclusive to InHealth,100735,1
3196,Babydan Quick Release Extra Tall Safety Gate White,6490,0
3197,Scandanavian Pet Design Extra Tall Pet Gate White,6491,0
3198,Babydan Quick Release Extra Tall Safety Gate Black,6498,0
3199,Scandanavian Pet Design Extra Tall Pet Gate Black,6499,0
3200,Sleepytot Bunny Baby Comforter,,1
3213,Birth Ball Bundle,,0
3214,Dreambaby Window Restrictor - Keyless,6500,1
3215,Clippasafe Pregnancy Bump Belt,6501,1
3216,Chicco Hug 4 in 1 Legend,6506,1
3217,Vitabiotics Wellbaby Infant Liquid 4mth-4yr 150ml,6505,0
3218,Lansinoh Disposable Nursing Pads 60Pk,6507,1
3219,Zoggs Baby Swimming Armbands Blue Shark,,1
3220,Zoggs Kids' Lightweight and Comfortable Foam Float Discs,6518,1
3221,Zoggs Junior Ear Band Blue/Orange,6519,0
3222,Zoggs Silicone Ear Plugs Clear,6520,0
3223,Zoggs Swimming Trainer Seat Orange/Green,,1
3224,Zoggy Dive Sticks,6523,0
3225,Drugs Test Card (Screens For 7 Drugs),6515,0
3226,5 Point Plus Car Seat Anti Escape System 15 - 30 months,6748,0
3227,Kids Kit Pelis Play Pouch Bath Tidy,6749,1
3228,Pipsy Koala Soft Dome Automatic Night Light,6750,0
3229,Doidy Cup,,1
3230,Babystart FertilSafe Plus Fertility Friendly Lubricant 75ml,6785,0
3231,Babystart FertilSafe Plus Fertility Friendly Lubricant 75ml with Applicators,6786,0
3232,Red Castle Cocoonababy Fitted Sheet White,6804,1
3233,Miracle Blanket Swaddle,,1
3234,Mooncow Ethan the Fox Teething Toy,6810,0
3235,Beaba Tomydoo Wireless Electric Nose Cleaner,6811,0
3236,Haakaa Silicone Collapsible Lunchbox,,1
3237,Babystart FetilTime Midstream Ovulation Tests 5 pack,6823,0
3238,Babystart FertilOva,6825,0
3239,Sleepytot Small Bunny Baby Comforter Blue / Pink,,1
3240,Infinity Disposable Pants 5 Pack,,0
3241,BabyDan 46 cm Extension Section - White,6847,0
3242,BabyDan 46 cm Extension Section - Black,6848,0
3243,BabyDan 20 cm Extension Section - White,6849,0
3244,BabyDan 20 cm Extension Section - Black,6850,0
3245,"BabyDan 3 in 1 - Playpen, Room Divider & Hearth Gate - Black",6851,0
3246,Babydan Square Playpen / Park-A-Kid with Urban Playmat - White,6852,0
3247,Babydan Square Playpen / Park-A-Kid with Urban Playmat - Black,6853,0
3248,Chicco Next2Me Crib Chick to Chick,6854,1
3249,"BabyDan ""EXTRA TALL"" Gate Extension 72cm - Black",5260a,0
3250,B.D.A Bra Belly Bandit - Black,,0
3251,B.D.A Leggings Belly Bandit - Black,,0
3252,B.D.A Maternity Tank Top - Black,,0
3253,B.F.F. Belly Wrap Belly Bandit - Brown,,0
3254,B.F.F. Belly Wrap Belly Bandit - Cream,,0
3255,Bamboo Belly Wrap - Belly Bandit - Black,,0
3256,Bandita Nursing Bra With Removable Pads - Belly Bandit - Black,,0
3257,Belly Bandit Belly Boost - Black,,0
3258,Belly Bandit Bump Support Legging - Black,,0
3259,Belly Bandit C-Section & Recovery Hipster Briefs - Black,,0
3260,Belly Bandit C-Section & Recovery Hipster Briefs - Nude,,0
3261,Belly Bandit Don'T Sweat-It - Black -One Size fits all,6931,0
3262,Belly Bandit Don'T Sweat-It - Nude - One Size fits all,6932,0
3263,Belly Bandit Don'T Sweat-It - Pink - One Size fits all,6933,0
3264,Belly Bandit Flawless Belly - Black,,0
3265,Mother Tucker Corset - Black,,0
3267,Mother Tucker Scoop Neck - Black,,0
3268,Mother Tucker Shortie - Black,,0
3269,Belly Bandit Thighs Disguise Maternity Support Short - Black,,0
3270,Belly Bandit Upsie Belly Belly Wrap - Black,,0
3271,Belly Bandit 2-in-1 Bandit Belly Bandit - Black,,0
3272,Belly Bandit 2-in-1 Bandit Belly Bandit - NUDE,,0
3273,C-Section & Recovery Undies | Belly Bandit - Black,,0
3274,C-Section & Recovery Undies | Belly Bandit - Nude,,0
3275,Bio Oil 125ml,4246,0
3276,breastvest - Breastfeeding top - Black,,0
3277,breastvest - Breastfeeding top - White,,0
3278,Proceive Women - 60 Capsules,6985,0
3279,Proceive Men - 60 Capsules,6986,0
3280,Proceive Dual Pack - 120 Capsules,6987,0
3281,Proceive Women Max - 30 Sachets,6988,0
3282,Proceive Men Max - 30 Sachets,6989,0
3283,Happy Hands Hand Print Ornament Kit,6996,0
3284,Happy Hands Double Frame White,6997,0
3285,Happy Hands Hand & Footprint Tin Silver,6998,0
3286,Earth Friendly Baby Calming Lavender Body Lotion 250ml,6999,0
3287,Earth Friendly Baby Calming Lavender Bubble Bath 300ml,7000,0
3288,Earth Friendly Baby Calming Lavender Shampoo & Bodywash 250ml,7001,0
3289,Earth Friendly Baby Gentle Aloa Vera Wet Wipes 72 pack,7002,0
3290,Earth Friendly Baby Happy Mandarin Bubble Bath 300ml,7003,0
3291,Earth Friendly Baby Moisturising Shea Massage Oil 125ml,7004,0
3292,Earth Friendly Baby Soothing Chamomile Bubble Bath 300ml,7005,0
3293,Earth Friendly Baby Soothing Chamomile Shampoo & Bodywash 250ml,7006,0
3294,Chicco Pocket Snack Booster Seat Mandarino,6329A,1
3299,Wooden Multi Panel Multi Use Safety Barrier 96.5 to 256.5cm,7016,0
3300,Wooden Multi Panel Multi Use Safety Barrier 96.5 to 336.5cm,7017,0
3301,Wooden Multi Panel Multi Use Safety Barrier 96.5 to 416.5cm,7018,0
3302,Safetots Advanced Retractable Safety Gate White,7020,0
3303,KidKusion 18ft Driveway Guard Black,7021,0
3304,Bettacare Child and Pet and Cat Flap Matt Black Extra Tall Extension 12.9cm,7025,0
3305,Bettacare Child and Pet and Cat Flap Matt Black Extra Tall Extension 32.4cm,7026,0
3306,Bettacare Child and Pet and Cat Flap Matt Black Extra Tall Extension 6.4cm,7027,0
3307,Bettacare Gate with Lockable Cat Flap Matt Black Extra Tall 75cm - 84cm,7029,0
3308,Fill 'n' Squeeze Starter Kit with 5 pouches & Brush (Best Seller),7036,1
3309,Fill 'n' Squeeze Pack of 10 Pouches,7037,1
3310,Fill 'n' Squeeze 'Spot-the-Difference' Pouches (pack of 10),7038,1
3311,Fill 'n' Squeeze 'Zipper' Pouches (6 pack),7039,1
3312,Fill 'n' Squeeze Pouch Spoon,7040,1
3313,Fill 'n' Squeeze Pouch Topper (2pk),7041,1
3314,Fill 'n' Squeeze Pouch Brush,7042,1
3315,Nutri Pouch Recipe Book,7043,0
3316,Fill 'n' Squeeze Insulated Pouch Cooler Bag,7044,1
3317,Fill 'n' Squeeze Probiotic Stain Remover,7045,1
3319,Premium Dual Fabric Radiator Cover,,0
3328,Haakaa Wide Neck Glass Baby Bottle 180/260ml,,0
3332,Haakaa 90ml Silicone Breast Pump & White Flower Stopper Giftset Box,7106,1
3333,Haakaa Breast Feeding Nipple Shield Butterfly 1Pc,7107,1
3334,Haakaa Disposable Nursing Pad Butterfly,7109,0
3339,Haakaa Generation 3 Breast Pump Flange,7114,1
3341,Haakaa New Silicone Breast Pump Cap - Grey,7116,1
3342,Haakaa Newborn Silicone Dummy,8710,0
3343,Haakaa Oral Medicine Syringe,7118,1
3344,Haakaa Silicone Baby Bottle 160/250ml (Storage / Feeding),,0
3349,Haakaa Silicone Baby Food Freezer Tray 6X Cup,,1
3354,"Haakaa Silicone Breast Milk Storage Set - 4pk (2x160ml, 2x250ml)- Grey",7129,1
3355,Haakaa Silicone Breast Pump 90ml,7130,0
3356,Haakaa Silicone Breast Pump Flower Stopper - White,7131,0
3358,Haakaa Silicone Finger Brush,9611,0
3363,Haakaa Stainless Steel Child Cutlery Set (3P),7138,0
3364,Haakaa Stainless Steel Straw Straight With Ridges - M(3P),7139,0
3366,Haakaa Stainless Steel Straw Straight With Ridges- S (3P),7141,0
3367,Haakaa Stainless Steel Straw With Spoon (1P),7142,0
3371,Grobag - Rainbow Stripe - Wash & Wear - Twin pack 2.5 Tog,,0
3372,Grobag - Rainbow Stripe - Wash & Wear - Twin pack 1 Tog,,0
3373,Grobag - Rainbow Stripe - Day & Night - Twin pack 2.5 & 1.0 Tog,,0
3374,Grobag - Ollie the Owl 2.5 Tog,,0
3375,Grobag - Jacquard - Rainy Days 2.5 Tog,,0
3376,Grobag - Gone Fishing 3.5 Tog,,0
3377,Grobag - Playful Penguins 3.5 Tog,,0
3378,Dooky Luxury Car Seat Footmuff Small Grey Leaves,6959,0
3379,Dooky Blanket Silver Stars,6960,0
3380,Dooky Luxury Footmuff Large Grey Leaves,6961,0
3381,Breathalyzer - Alcohol Home Test - 2 tests,7149,0
3382,Breathalyzer - Alcohol Home Test - Buy 4pk get 1pk Free,7150,0
3383,Chicco Next 2 Me Magic Side Sleeping Crib - Grey,7151,1
3384,Chicco Polly Magic Relax Highchair - Anthracite,7152,1
3385,Vicks VapoPads (over 36mths) 7s,7153,0
3386,Bloom And Blossom Anti Stretch mark Cream 150ml,7154,0
3387,Bloom And Blossom Anti Stretch mark Oil 100ml,7155,0
3388,Bloom And Blossom mother And Baby Oil 100ml,7156,0
3389,Bloom And Blossom Baby Sleep Bedtime Bath milk 200ml,7157,0
3390,Bloom And Blossom Baby Sleep Bedtime Pillow Spray 75ml,7158,0
3391,Bloom And Blossom Sleep Night Time Bath Oil 100ml,7159,0
3392,Bloom And Blossom Sleep Night Time Dry Body Oil 100ml,7160,0
3393,Bloom And Blossom Sleep Night Time Pillow Spray 75ml,7161,0
3394,Bloom And Blossom mother To Be Gift Set Trio-Set,7162,0
3395,Bloom And Blossom Sleep Night Time Ritual Trio-Set *Best Seller,7163,0
3396,My Brest Friend Pillow Green Leaf,5816a,1
3397,Celebrity Slim Two Week Holiday Plan - Shakes 'n' Smoothies,7181,0
3398,Celebrity Slim 7 Day Assorted Porridge (7*50g),7182,0
3399,Celebrity Slim 4 Blueberry & Apple flavour Smoothies (4*52.5g),7183,0
3400,Celebrity Slim 4 Strawberry & Banana flavour Smoothies (4*52.5g),7203,0
3401,Babylo Baby Changer Origami Giraffe,7184,0
3402,Babylo Cozi Sleeper Graphite Frame - Slate Fabric,7185,1
3403,Babylo Snug Sleeper Gray Frame - Flint Grey fabric,7186,0
3404,Babylo Hi Lo Highchair Origami Elephants,7187,0
3405,Babylo Oslo 2 in 1 Wooden Highchair,7188,0
3406,Babylo Breeze Plus Stroller Black/Jade,7189,0
3407,Babylo Explorer Plus Compact Stroller Charcoal Grey,7190,0
3408,Babylo Sprint Stroller Red/Grey,7191,0
3409,Babylo Duo X2 Tandem Travel System Black Melange Fabric,7192,0
3410,Babylo Hampton Cot bed with drawer white,7193,0
3411,Babylo Riley Junior Bed - White,7194,0
3412,Britax Two Way Elite Group 1 - (9 Mnts - 6  Yrs),7195,0
3413,Silvercross POP Pushchair - Vintage Pink,7197,0
3414,Babylo Alpha Travel Cot Crayon,7198,0
3415,Babylo Panorama Plus 2 in 1 Travel System with Car seat,7199,1
3416,Haakaa 360° Silicone Toothbrush,,1
3417,Haakaa Fresh Food Feeder and Teether,,1
3418,Haakaa Generation 3 Silicone Breast Pump 160/250ml,,1
3420,Haakaa Silicone Bottle Anti-Colic Nipple 2Pcs,,0
3421,Haakaa Silicone Spoon Set With Case X2 Spoon,,0
3424,Wooden Multi Panel Multi Use Safety Barrier 96.5 to 176.5cm,7015,0
3425,Babymoov Lovenest+ Fresh Smokey,7204,0
3426,Natures Aid Folic Acid 400mcg 90 Tabs,7205,0
3427,Deluxe Maternity Belt,,0
3428,Sudocrem,,0
3429,Pampers Babydry New Baby 22's Size 2-5Kg,7212,0
3430,Bonjela Teething Gel - 15g,7213,0
3431,BabyDan Replacement Playmat - Hexagon shape - Grey Denim,7217,0
3432,Beaba Babycook Solo Macaron Vanilla,7222,1
3433,Beaba BabycookSolo Macaron Aquamarine,7223,1
3434,Beaba Babycook Solo Macaron Jade Green,7224,1
3435,Beaba Babycook Solo White/Silver,7225,0
3436,Beaba Set BabySqueez' 2 in 1 & Squeez'Portion 180ml- Blue,7226,0
3437,Beaba Set BabySqueez' 2 in 1 & Squeez'Portion 180ml - Pink,7227,0
3438,Beaba Multiportions silicone 6 x 90 ml blue,7228,0
3439,Beaba Multiportions silicone 6 x 90 ml Pink,7229,0
3440,Beaba Bottle brush 2-in-1 grey,7230,0
3441,Beaba 'Exacto'' Infra-red 4-in-1 thermometer - mineral,7231,0
3442,Chicco New Baby Hug 4-in-1 Mattress - White,7251,0
3443,Chicco Next2Me Standard Mattress - White,7252,0
3444,Chicco Hygienical Terry Mattress Cover - White,7253,0
3445,Chicco Night Breeze Mattress Cover - White,7254,0
3446,Babystart Midstream Early Detection Pregnancy Tests 2 Pack,6824,0
3447,Celebrity Slim 7 Day Chocolate Shakes - 14 Pack,41568,0
3448,Boppy Nursing and Infant Pillow Tree of Life Cream,7444,0
3449,My Brest Friend Twins Pillow,,1
3450,Clearblue Connected Ovulation Test 25 Pack,7452,1
3451,Mama Mio Bloomin' Lovely Kit,6718,0
3452,Mustela Your Baby Bag Bath Time & Nappy Change Essentials,7503,0
3453,Vitabiotics Ultra Folic Acid - 60 Tablets,7466,0
3454,Lascal Buggy Board,7467,1
3455,Owlet Smart Sock Baby Monitor 3,7468,1
3456,Babylo Snug Sleeper Crib Foam Mattress 78 x 40 cm (3cm Thick),7469,0
3457,Babylo Fibre Cot Mattress (10cm Thick) 120 x 60cm,7470,0
3458,Babylo Fibre Cot Bed Mattress (10cm Thick) 140 x 70cm,7471,0
3459,Babylo Spring Mattress (10cm Thick) 120 x 60cm Cot,7472,0
3460,Babylo Spring Mattress (10cm Thick) 139 x 69cm Cot Bed,7473,0
3461,Outlook Auto Car Sun Shade - Double Pack,,1
3462,Grobag Elephant Love - Wash & Wear - Twin pack - 2.5 Tog,,0
3463,Grobag Elephant Love - Wash & Wear - Twin pack - 1 Tog,,0
3464,Grobag Elephant Love - Day & Night - Twin pack - 2.5 & 1.0 Tog,,0
3465,Grosnug Spring Morning - Newborn - Cosy,7485,1
3466,Grobag Percy the Penguin Comforter,7486,0
3467,GroSnug Ollie the Owl - Newborn - Light / Cosy,,0
3468,Haakaa Inverted Nipple Corrector,7462,0
3480,Infrared Thermometer (Ear & Forehead),7529,0
3482,Babymoov 2-in-1 Inflatable travel bath/pool,7546,0
3483,LombaMum Lumbar Maternity Belt,7551,0
3484,Ortel-P Pelvic Maternity Support,,0
3486,Pregnacare Original 90 Tablets,7574,0
3487,Celebrity Slim Trial Shaker Pack,7575,0
3488,Celebrity Slim Active Chocolate Caramel Crunch Meal Bar - 12 Pack,7576,0
3489,Celebrity Slim Active 5 Day Kick Start Plan,7577,0
3490,Celebrity Slim Assorted Soup 7 Pack new soups,7578,0
3491,Celebrity Slim Vegan / Dairy / Gluten Free Chocolate Shake 560g,7579,0
3492,Celebrity Slim Vegan / Dairy / Gluten Free Strawberry 560g,7580,0
3493,Celebrity Slim 7 Day Choc Mint (14 x sachets),7581,0
3494,Celebrity Slim Banana Shake Handy Pack (7 x Sachets),7582,0
3495,Zoggs Zoggy Swimbands 1-6 Years,7583,1
3496,ClevaFeed with Extra Teat - Silicone Self Feeder 6M+,7587,0
3497,Clevamama Bamboo Baby Washcloth Set (3Pk) - White,7588,0
3498,Clevamama ClevaRinse Shampoo Rinse Cup,7589,0
3499,Bebe Au Lait The Original Nursing Cover Chateau Silver,7593,0
3500,Chicco Baby Hug 4in1 Fitted Crib Sheets Little Animals 2 Pack,7594,0
3501,Zita West - Vitamen Boost 2,7595,0
3502,Zita West - Inositol and Folate,7596,0
3503,Zita West - Female Pre-Conception Support Pack,7597,0
3504,Zita West - Vitamen Boost 1,7598,0
3505,Zita West - Male Pre-conception Support Pack,7599,0
3506,Zita West - Couples Preconception Support Pack,7600,0
3507,Eco Egg Laundry Egg,,1
3508,Eco Egg Laundry Egg Refills,,0
3509,Eco Egg Dryer Egg,,0
3512,Bio-Oil Dry Skin Gel,,0
3513,Haakaa Silicone Pump and Bottle Pack,,1
3514,Haakaa Silicone Re-Usable Straws - 6 Pack with Cleaner,7649,0
3515,Joie Bold Group 1/2/3 Car Seat - Ember (9 Mnts - 12 Yrs),7658,1
3516,Joie Every Stage - Ember (Birth - 12 Yrs),7659,1
3517,Joie Stages Group 0+/1/2 - Coal (Birth - 7 Yrs),7660,1
3518,Joie Spin 360 ISOFix Car Seat Group 0-1 - Ember (Birth - 4 Yrs),7661,1
3519,Haakaa Generation 3 Silicone Breast Pump 160ml & Bottle Set,,1
3521,Babydan Stair Post Adaptor,7672,0
3522,Babydan Extra Tall Extendable Pet Gate - White (62.5-106.8Cm),7673,0
3523,Babydan Extra Tall Extendable Pet Gate - Black (62.5-106.8Cm),7674,0
3524,Babydan Dreamsafe Mattress Including Topper 60 X 120Cm,7675,0
3525,Babydan Dreamsafe Mattress Including Topper 70 X 140Cm,7676,0
3526,Babydan Dreamsafe Mattress Topper To Fit 60 X 120Cm,7677,0
3527,Babydan Dreamsafe Mattress Topper To Fit 70 X 140Cm,7678,0
3528,Babydan Dreamsafe Fitted Sheet Cot Size 60 X 120Cm,7679,0
3529,Babydan Dreamsafe Fitted Sheet Jnr Bed 70 X 160Cm,7680,0
3530,Sleepytot Fox,7681,0
3531,Cardea Premium Keyless Window Restrictor - 2017 Rental House Reg Compliant,7690,0
3532,Bettacare Expandable Pet Barrier 60cm - 108cm Natural,7693,1
3533,Safetots Secure Fabric Gate Grey,7694,0
3534,Safetots Simply Secure Wooden Gate Azure Blue 72cm- 79cm,7695,0
3535,Safetots Simply Secure Wooden Gate Grey 72cm- 79cm,7696,0
3536,Bettacare Deluxe Fit Any Car Adjustable Dog Barrier,7697,0
3537,Safetots Dual Purpose Stove Guard Drop Down Knob Cover,7698,0
3538,Safetots Chunky Wooden Screw Fit Stair Gate Grey 63.5cm-105.5cm,7699,0
3539,Safetots Chunky Wooden Screw Fit Stair Gate Azure Blue 63.5cm-105.5cm,7700,0
3540,Dreambaby Arizona Extenda Gate - White (67cm to 112cm),7712,1
3541,Dreambaby Ava Gate 9cm Wide Extension - Charcoal,7708,0
3542,Dreambaby Auto-Sensor LED Rotating Night Light,7721,1
3543,Dreambaby Ava Metal Pressure Safety Gate - Charcoal,7707,1
3544,Dreambaby Blind Cord Wraps 4 Pack,7722,1
3545,Dreambaby Brooklyn Converta Play-Pen/ Room Divider with Mesh Sides,7711,1
3546,Dreambaby Chelsea 100cm Wide Gate Extension (White),7742,1
3547,Dreambaby Chelsea 18cm Wide Gate Extension (White),7736,1
3548,Dreambaby Chelsea 27cm Wide Gate Extension (White),7737,1
3549,Dreambaby Chelsea 36cm Wide Gate Extension (White),7738,0
3550,Dreambaby Chelsea 45cm Wide Gate Extension (White),7739,1
3551,Dreambaby Chelsea 54cm Wide Gate Extension (White),7740,1
3552,Dreambaby Chelsea 63cm Wide Gate Extension (White),7741,1
3553,Dreambaby Chelsea 9cm Wide Gate Extension (White),7735,1
3554,Dreambaby Chelsea Auto-Close Gate White ( Fits 71cm - 480cm with Extensions),7734,1
3555,Dreambaby Cosmopolitan Wood/Metal Pressure Safety Gate,7709,1
3556,Dreambaby Deluxe Soft Touch Corner Cushions 4PK,7716,1
3557,Dreambaby Denver Adapta Gate - Black Metal with Grey Mesh Panels,7710,1
3558,Dreambaby Drawer Catches 3 Pack,7719,1
3559,Dreambaby Ezy-Check Swivel Appliance Latch,7720,1
3560,Dreambaby Flexi-Loop Value 3 Pack,7718,1
3561,Dreambaby Y-Spindle Banister Gate Adaptors 2 Pack (Fit Pressure Gate to Stairs),7713,1
3562,Dreambaby Bump-Guard Corner Protectors 4 Pk - Brown,7714,1
3563,Dreambaby Bump-Guard Corner Protectors 4 Pk - Grey,7715,1
3564,"Dreambaby No Tools, No Screws, Safety Value Pk 35PC",7724,0
3565,Dreambaby Patented Hinged Furniture Anchors 2pk,7717,0
3566,Dreambaby Phoenix Bed Rail - Grey,7703,1
3567,Dreambaby Phoenix Bed Rail - White,7702,1
3568,Dreambaby Protect-A-Wall Mounting Cup (For Pressure Gates Only),7723,1
3569,Dreambaby Retractable Gate Spacers - Black,7706,1
3570,Dreambaby Retractable Gate Fits Gaps Up To 140cms – Black,7704,1
3571,Dreambaby Retractable Gate Fits Gaps Up To 140cms – Grey,7705,1
3574,Dreambaby 3 Stages Baby Gum and Tooth Care (White),7750,0
3575,Dreambaby Premium Nail Clippers with Magnifier,7751,1
3576,Dreambaby Bottle & Nipple Drying Rack,7752,0
3577,Dreambaby Heat Alert Non Slip Bath Mats - 10 Pack,7753,1
3578,Dreambaby Non-Slip Clear Bath Tub Slips - 14 Pack,7754,1
3579,Dreambaby Storage Toy Chain,7755,1
3580,Dreambaby Jumbo Toy Storage Corner Hammock,7756,0
3581,Dreambaby Fold Away Bath Seat with Open/Close T-Bar,7757,0
3582,Dreambaby Bath Support with Foam Padding,7758,1
3583,My Expert Midwife No Harm Bum Balm for Baby 30ml,7759,0
3584,My Expert Midwife Spritz for Bits 150ml,7760,0
3585,My Expert Midwife Fantastic Skin Elastic 100ml,7761,0
3586,My Expert Midwife Peri Prep Your Bits 30ml,7762,0
3587,My Expert Midwife No Harm Nipple Balm 30ml,7763,0
3588,Dreambaby Inflatable Neck Cushion Support,7764,0
3589,Dreambaby Insta-Cling Car Shades Black - 2 Pack,7765,1
3590,Dreambaby Adjusta Stretch and Shape To Fit Car Shade,7766,1
3591,Dreambaby Adjustable Tiger and Zebra Car Window Shades,7767,1
3592,Dreambaby Extra Wide Tiger and Zebra Car Window Shade - 2 Pack,7768,1
3593,Dreambaby Stroll Away Over Door Storage Buggy Hanger,7769,1
3594,Dreambaby Stroller Buddy Organiser with 2 Cup Holders,7770,1
3595,Dreambaby Stroller Buddy EZY-Reach Organizer - Black,7771,1
3596,Dreambaby Stroller Buddy EZY-Reach Organizer - Grey,7772,1
3597,Dreambaby Stroller Buddy On-The-Go Bag,7773,0
3598,Dreambaby Stroller Buddy EZY-Fit Phone Holder,7774,0
3599,Dreambaby Stroller Buddy Drink Holder,7775,1
3600,Dreambaby Stroller Weather Shields,7776,0
3601,Dreambaby Stroller Buddy Stroller Clips - 4 Pack,7777,1
3602,Dreambaby EZY-Fit Giant Stroller Hook,7778,1
3603,Dreambaby Stroller Buddy 2 EZY-Loop Stroller Clips,7779,1
3604,Dreambaby EZY-Fit Stroller Hooks - 2 Pack,7780,1
3605,Dreambaby Deluxe Safety Walking Harness,7781,1
3606,Dreambaby Safety Harness & Reins - Navy,7782,0
3607,Gro Egg2 Room Thermometer,7787,1
3608,Beurer Ultrasound Air Humidifier LB44 - 3 Litre,7827,0
3609,Medela Swing Flex Breastpump,7828,1
3610,Ergobaby Omni 360 Cool Air Mesh From Newborn - Onyx Black,7843,1
3611,Ergobaby Omni 360 Cool Air Mesh From Newborn - Oxford Blue,7844,1
3612,Ergobaby Omni 360 Cool Air Mesh From Newborn - Carbon Grey,7845,1
3613,Ergobaby Omni 360 Cool Air Mesh From Newborn - Midnight Blue,7846,1
3614,Ergobaby Omni 360 Cool Air Mesh From Newborn - Classic Weave,7847,1
3615,Ergobaby Original Adapt From Newborn - Cool Air Mesh - Black,7848,1
3616,Ergobaby Embrace From Newborn - Oxford Blue,7849,0
3617,Ergobaby Embrace From Newborn - Pure Black,7850,0
3618,Ergobaby Aura Lightweight Wrap From 3.6-11.3kg - Grey Stripes,7851,1
3619,Ergobaby Aura Lightweight Wrap From 3.6 - 11.3kg - Indigo,7852,1
3620,Ergobaby Dribble Bib - Natural (BIB 360 / OMNI 360 / ADAPT),7853,0
3621,Ergobaby Winter Weather Cover - Black,7854,0
3622,Eco Egg Dryer Egg Fragrance Free,7855,0
3623,GroSnug Bennie the Bear - Newborn - Cosy,7921,0
3624,Owlet Camera - Smart Baby Monitor,7980,1
3625,Owlet Baby Monitor Duo - Smart Sock 3 + Cam,7981,0
3626,Pregnacare Stretch Mark Cream 100ml,7983,0
3627,Haakaa 150ml Silicone Breast Pump & White Flower Stopper Giftset Box,7100,0
3628,Haakaa Gift Set 150ml Breast Pump & Silicone Cap,7249,0
3629,Haakaa New Mum Starter Pack - 2021 Edition,7250,0
3630,Haakaa Flow Cup (Menstrual Cup) - Short Stem,,1
3631,Dreambaby Ireland Socket Covers - 6 Pack,42450,0
3632,Clevamama ClevaBath,8031,0
3633,"Elvie Wearable, Smart Breast Pump - Single",8032,1
3634,"Elvie Wearable, Smart Breast Pump - Double",8033,1
3635,Elvie Pump Breast Shields,,0
3636,Matchstick Monkey Original Teething Toy,,0
3637,Matchstick Monkey Dancing Monkey Teether,,0
3638,Matchstick Monkey Animal Teether,,0
3639,Matchstick Monkey Teether,,0
3640,Chicco Crib Fitted Sheets Set (Next2Me & Lullago) - Pieces Sky,5351A,0
3641,Zoggs Armbands Blue Shark 1-3 years,6516,0
3642,Zoggs Armbands Blue Shark 3-6 years,6517,0
3643,Beaba Babycook My First Meal Baby Recipe Cookbook,8087,0
3644,Beaba 4 in 1 Babycook NEO Grey/White,8088,1
3645,Beaba 4 in 1 Babycook NEO Night Blue,8089,1
3646,Safetots Designer Fire Guard Extension,6159X,0
3647,Zita West - Vitafem boost,4881A,0
3648,Babydan Premier Extra Wide Up To 151cm White,8194,0
3649,Babydan Premier Extra Wide Up To 182cm White,8195,0
3650,Babydan Premier Gate Extension 32cm,8196,0
3651,"Babydan Extra Tall Extending Metal Pet Gate, White (62.5-106.8cm)",8197,0
3652,"Babydan Extra Tall Extending Metal Pet Gate, Black (62.5cm)",8198,0
3653,Babydan Disposable Breast Pads White 24Pcs,8199,0
3654,Babydan Mosquito Net - Pram - White,8200,0
3655,Babydan Mosquito Net - Travel Cot - White,8201,0
3659,Mama Mio The Tummy Rub Scrub 180ml,8076,0
3660,Mama Mio Mama's Marks 125ml,8077,0
3661,Mama Mio Lucky Legs 125ml,8078,0
3662,Mama Mio Megamama Shower Milk 200ml,8079,0
3663,Mama Mio Megamama Body Lotion 180ml,8080,0
3664,Mama Mio Pregnancy Boob Tube 125ml,8081,0
3665,Mama Mio Nipple Balm 30ml,8082,0
3666,Mama Mio Bloomin Lovely,8603,0
3667,Mama Mio Pregnancy Travel Kit,8085,0
3668,Mama Mio The Tummy Rub Butter 120ml,8072,0
3669,Mama Mio The Tummy Rub Butter (Fragrance Free) 120ml,8073,0
3670,Mama Mio The Tummy Rub Butter - Lavender and Mint 120ml,8074,0
3672,Mama Mio The Tummy Rub Butter Supersize 240ml,8083,0
3673,Mama Mio Tummy Rub Routine 830g,8086,0
3676,"Instant Hand Sanitizer, 70% Alcohol Hand Rub with Moisturiser - 5ltr",8216,0
3677,Purell Alcohol Hand Rub Sanitiser - 100ml,8218,0
3679,Purell Alcohol Hand Rub Sanitiser - 500ml,8217,0
3680,"Medical Face Masks - 3Ply Disposable, CE marked : EN 14683 - 50 Pack",8279,0
3681,Dreambaby 3 in 1 Clinical Digital Thermometer,8280,0
3682,Clevamama Bedtime Blackout Blind,8285,0
3683,FERTI LILY Conception Cup,8286,1
3684,Dreamgenii Pregnancy Support & Feeding Pillow - Floral Grey White,8287,1
3685,Dreamgenii Pregnancy Support & Feeding Pillow - Nature Grey Coral,8288,1
3686,Dreamgenii Pregnancy Support & Feeding Pillow - Geo Grey Aqua,8289,1
3687,Dreamgenii Pregnancy Support & Feeding Pillow Cover - Blossom Pink,8290,1
3688,Dreamgenii Pregnancy Support & Feeding Pillow Cover - Blossom Blue,8291,1
3689,Dreamgenii Pregnancy Support & Feeding Pillow Cover - Floral Grey White,8292,1
3690,Dreamgenii Pregnancy Support & Feeding Pillow Cover - Grey Green,8293,1
3691,Dreamgenii Pregnancy Support & Feeding Pillow Cover - Grey Coral,8294,1
3692,Dreamgenii Pregnancy Support & Feeding Pillow Cover - Grey Aqua,8295,1
3693,Haakaa Ladybug Silicone Breast Milk Collector 75ml (1 Pk),8299,1
3694,Dreambaby Magnetic Lock 4 Locks 1 Key,8300,1
3695,Spotlight Oral Care Toothpaste for Whitening,8301,0
3696,Spotlight Oral Care Toothpaste for Rebuilding Teeth,8302,0
3697,Spotlight Oral Care Teeth White Mouthwash,8303,0
3698,Spotlight Oral Care Teeth White Pen,8304,0
3699,Spotlight Oral Care Teeth Whitening System,8305,0
3700,Spotlight Oral Care Teeth Whitening Strips for Men,8306,0
3701,Spotlight Oral Care Sonic Toothbrush,8307,0
3702,Moby Classic Wrap - Stone Grey,8308,0
3703,Zazu Suzy Portable Baby Soother,8309,1
3704,Grobag Ollie Owl Print Newborn Snuggle Sleep Bag 2.5 Tog,,1
3705,Grobag Ollie Owl Print Newborn Snuggle Sleep Bag 1.0 Tog,,1
3706,Grobag Pip Panda Print Newborn Snuggle Sleep Bag 2.5 Tog,,1
3707,Grobag Pip Panda Print Newborn Snuggle Sleep Bag 1.0 Tog,,1
3708,Grobag Little Star Sleep Bag 2.5 Tog,,1
3709,Grobag Little Star Sleep Bag 1.0 Tog,,1
3710,Grobag Animal Sleep Bag 2.5 Tog,,1
3712,Grobag Animal Sleep Bag 1.0 Tog,,1
3713,Grobag Floral Sleep Bag 1.0 Tog,,1
3714,Grobag Ollie the Owl Sleep Bag 2.5 Tog,,1
3715,Wellfit Softgym Over Ball Red,8486,0
3716,Celebrity Slim Blueberry and Apple Smoothies (14 x 52.5g Sachets),8507,0
3717,"Dreambaby Maggie Bedrail - White (Fits Recessed, Flat & Slat Beds)",8537,1
3718,Dreambaby Broadway Gro-Gate Extra Wide - White (Fits Gaps 76cm - 134.5cm),8538,1
3719,Dreambaby Broadway Gro-Gate Extra Tall & Extra Wide - White (Fits Gaps 76cm - 134.5cm),8539,1
3720,Dreambaby Ladybug Night Light (Battery Operated),8540,1
3721,Dreambaby Led Auto-Sensor Night Light,8541,1
3722,Dreambaby Motion Sensor Led Night Light (Battery Operated),8542,0
3723,Dreambaby Bib / Smocks With Sleeves - Astronaut & Zookeeper 2Pk,8543,0
3724,Dreambaby Bib / Smocks With Sleeves - Zookeeper & Doctor 2Pk,8544,0
3725,Dreambaby Bib / Smocks With Sleeves - Doctor & Vet 2Pk,8545,0
3726,Dreambaby Baby Powder Formula Dispenser - 3 Storage Compartment,8546,0
3727,Dreambaby Bottle Tongs,8547,0
3728,Dreambaby Nasal Aspirator,8548,1
3729,Dreambaby Soother / Pacifier Holder,8549,0
3730,Dreambaby Digital Crocodile Room & Bath Thermometer,8550,1
3731,Dreambaby Digital Turtle Room & Bath Thermometer - Auto Indicator,8551,1
3732,Dreambaby Ladder Step-Up Toilet Trainer (Aqua/White),8552,1
3733,Dreambaby Ladder Step-Up Toilet Trainer (Grey/White),8553,1
3734,Dreambaby Ezy-Slimline Contoured Shape Toilet Trainer Seat,8554,0
3735,Dreambaby Foam Super Soft Feel Potty Seat - Blue,8555,1
3736,Dreambaby Foam Super Soft Feel Potty Seat - Pink,8556,1
3737,Dreambaby Foam Super Soft Feel Potty Seat - White,8557,1
3738,Dreambaby New Ezy Potty - Grey/White,8558,1
3739,Chicco Universal Rain cover For Stroller Black,8559,0
3740,Chicco Storage Net Black,8560,0
3741,Boppy Comfyfit Baby Carrier Grey,8561,0
3742,Chicco Polly Progres5 Highchair Grey,8562,0
3743,Chicco Polly Magic Relax Paradise Pink,8563,0
3744,Chicco Polly Easy Verdant,8564,0
3745,Chicco Polly Easy Highchair Unicorn,8565,0
3746,Chicco Chairy Booster Seat Bunny (Grey),8566,1
3747,Chicco Chairy Booster Seat Ladybug (Red),8567,1
3748,Chicco Pocket Snack Booster Seat Hydra,8569,1
3749,Chicco Pocket Snack Booster Seat Violetta,8570,1
3750,Chicco Relax And Play Electronic Swing Cool Grey,8571,0
3751,Chicco Hoopla Bouncer - Legend,8572,0
3752,Chicco Hoopla Bouncer - Moon Grey,8573,1
3753,Chicco Next2Me Magic Side Sleeping Crib Moon Grey,8574,1
3754,Chicco Next2Me Air Side Sleeping Crib Stone,8575,1
3755,Chicco Next2Me Air Side Sleeping Crib Titanium,8576,1
3759,Chicco Next2Me Crib Sheet Set 2 Piece Set - Stars,8580,0
3760,Chicco Next2Me Crib Sheet Set 2 Piece Set - Grey Stripes,8581,0
3761,Chicco Vibration Box For Baby Hug & Next2Me,8582,0
3762,Chicco Baby Hug Air 4-In-1 Titanium,8583,1
3763,Chicco Baby Hug Air 4-In-1 White Snow,8584,1
3766,Chicco Baby Hug 4 In 1 Meal Kit (Tray And Terry Cover) White,8587,0
3767,Boppy Pillow With Cotton Slipcover Modern Woodland,8588,0
3768,Boppy Pillow With Cotton Slipcover Clouds,8589,0
3769,Chicco First Dreams Baby Bear Blue,8590,1
3770,Chicco First Dreams Baby Bear Neutral,8591,1
3771,Chicco First Dreams Baby Bear Pink,8592,1
3772,Chicco Dream Light Bear - Pink,8593,0
3773,Chicco Dream Light Bear - Blue,8594,0
3774,Chicco Next2Moon 3 In 1 Projector,8595,0
3778,Chicco First Dreams Lullaby Sheep - Pink,8599,1
3779,Chicco First Dreams Lullaby Sheep - Blue,8600,1
3780,Mama Mio The Tummy Rub Butter 185g,8601,0
3781,Mama Mio The Tummy Rub Butter Supersize 330g,8602,0
3782,Mama Mio Tummy Rub Routine 420g,8604,0
3783,Haakaa Silicone Feeding Tube Set,8707,1
3784,Dreambaby Grab 'N' Go Booster Seat,8700,1
3785,Haakaa Breastfeeding Nipple Shield - Round,8706,0
3786,Haakaa Natural Rubber Owl Teether - Smiling,8711,0
3787,Haakaa Gen3 Glass Baby Bottle 160ml - Grey,8708,0
3788,Haakaa Silicone Baby Food Dispensing Spoon - Grey,8712,0
3789,Haakaa Gen. 3 Silicone Breast Pump Flange Attachment,8709,1
3790,Simpy Gentle New Mum Disposable Briefs 5 Pack Size 10-12,8720,0
3791,Haakaa Breastfeeding Nipple Shield with Orthodontic Teat (Round Base),8705,0
3792,Haakaa Breastfeeding Nipple Shield with Orthodontic Teat (Triangle Base),8704,0
3793,Carriwell Seamless Maternity Bra Size L,8745,0
3794,Medicare Therapeutic Compression Stockings Closed-Toe Medium,8746,0
3796,Ardo Tulips Nipple Shields Size L,8748,0
3797,Bettacare Pet Gate Plus Cat Flap White 75cm-84cm,8751,0
3798,Haakaa Easy-Squeezy Silicone Bulb Syringe,8798,0
3799,Mustela Organic Nursing Balm (Breastfeeding Balm) 30ml,8810,0
3800,Basal Digital Thermometer - Celsius,8842,0
3801,BabyDan Premier Gate Extension 64.5cm,8877,0
3802,"BabyDan Premier Pressure Indicator Gate, White (86.5cm - 92.6cm)",8878,1
3803,"BabyDan Premier Pressure Indicator Gate, White (99.5cm - 105.6cm)",8879,1
3804,"BabyDan Premier Pressure Indicator Gate, White (112.5cm - 118.6cm)",8880,1
3805,"BabyDan Premier Pressure Indicator Gate, White (151cm - 157cm)",8881,1
3806,"BabyDan Premier Pressure Indicator Gate, White (182.5cm - 188.6cm)",8882,1
3807,"BabyDan Premier Pressure Indicator Gate, Black (86.5cm - 92.6cm)",8883,1
3808,"BabyDan Premier Pressure Indicator Gate, Black (99.5cm - 105.6cm)",8884,1
3809,"BabyDan Premier Pressure Indicator Gate, Black (112.5cm - 118.6cm)",8885,1
3810,Safetots Chunky Wooden Screw Fit Stair Gate Natural 63.5cm-105.5cm,8752,0
3811,SwimCount Sperm Collection Kit,8886,0
3812,SwimCount SpermCare - Food Supplement for Men,8887,0
3813,Dr.Protekt Disposable 3-PLY Face Masks - 50 PK,8900,0
3814,Dreamgenii Pregnancy Pillow & Stretch Mark Cream Bundle,8907,0
3818,Baby Brezza Formula Pro Advanced Baby Formula Dispenser,9038,1
3819,Mama Mio Tummy Rub Oil 20ml,9062,0
3820,BabyDan Premier Pressure Pet Gate - Black (73-79.6cm; Max 120),9063,0
3821,BabyDan Premier Pressure Pet Gate Extension - Black,9064,0
3822,CB12 Oral Care Pack,9074,0
3823,Vitabiotics Pregnacare Gummies 60's,9075,0
3824,Babydan Square Playpen Urban Play Mat 100cm X 100cm,9076,0
3825,Safetots Dual Purpose Stove Guard Hob Protector,9086,0
3826,Carriwell Belly Binder - Black,,0
3827,Carriwell Maternity Bra Black,,0
3828,Carriwell 2 x Maternity & Hospital panties  Black,9150,0
3829,Carriwell 6 x Washable Breast Pads White,9151,0
3830,Carriwell Original Maternity & Nursing Bra Black,,0
3831,Carriwell Original Maternity & Nursing Bra Blue/Pink,,0
3832,Carriwell Maternity & Nursing Bra with Carri-Gel Support  White,,0
3833,Carriwell Maternity & Nursing Bra with Carri-Gel Support  Black,,0
3834,Carriwell Organic Maternity & Nursing Bra Nat. White,,0
3835,Carriwell Organic Maternity & Nursing Bra Black,,0
3836,Carriwell Maternity & Nursing Bra with Padded  Carri-Gel support White,,0
3837,Carriwell Maternity & Nursing Bra with Padded  Carri-Gel support Black,,0
3838,Carriwell Nursing Top with Shapewear  Black,,0
3839,Dr. ProtekT KN95 Face Mask x 1,9222,0
3840,Nua Fertility For Women,9214,0
3841,Carriwell Adjustable Support Belt Black Size S/M,9220,0
3842,Carriwell Adjustable Support Belt Black Size L/XL,9221,0
3843,Finger Pulse Oximeter OLED Display,9298,0
3844,Dreambaby Non Contact Fever Alert Infrared Thermometer,9305,0
3845,ZAZU Musical Soft Toy - DEX,9417,1
3846,ZAZU Phoebe The Penguin Baby Sleep Shusher,9418,1
3847,Snuggle Me Organic Infant Lounging & Bed-Sharing Cushion - Natural - 0-9 Months,9419,1
3848,Snuggle Me Organic Cotton Cover - Natural,9420,0
3849,Snuggle Me Organic Cotton Cover - Sugar Plum,9421,0
3850,Snuggle Me Organic Cotton Cover - Wren,9422,0
3851,Mama Mio The Tummy Rub Trio,9307,0
3852,Mama Mio Pregnancy Gummies,9308,0
3853,Childs Farm Baby Oaty Bubbles 250ml,9523,0
3854,Childs Farm Baby Wash - Unfragranced 250ml,9524,0
3855,Childs Farm Baby Moisturiser - Mildly Fragranced 250ml,9525,0
3856,Childs Farm Baby Nappy Cream - Organic Aloe Vera 100ml,9526,0
3857,Childs Farm Baby Bath & Bedtime Case,9527,0
3858,Childs Farm Shampoo - Strawberry & Mint 250ml,9528,0
3859,Childs Farm Conditioner - Strawberry & Mint 250ml,9529,0
3860,Childs Farm Hair Detangler - Grapefruit & Tea Tree 150ml,9530,0
3861,Childs Farm Hair & Body Wash - Blackberry & Apple 250ml,9531,0
3862,Childs Farm Hair & Body Wash - Sweet Orange 250ml,9532,0
3863,Childs Farm Bubble Bath - Raspberry Extract 250ml,9533,0
3864,Childs Farm Bubble Bath - Organic Tangerine 250ml,9534,0
3865,Childs Farm Hand Wash - Grapefruit & Tea Tree 250ml,9535,0
3866,Childs Farm Kids Sun Spray SPF 50+ Unfragranced  125ml,9536,0
3867,Durex Play Feel Lube 100ml,9564,0
3868,Durex Cherry Lube 100ml,9565,0
3869,Proceive Pregnancy Trimester 1 - 60 Capsules,9657,0
3870,Proceive Pregnancy Trimester 2 - 60 Capsules,9658,0
3871,Proceive Pregnancy Trimester 3 - 60 Capsules,9659,0
3872,Proceive Omega 3 - 60 Softgels,9660,0
3873,Babymoov Baby Star Changing Bag,9761,0
3874,Chevron Changing Mat - Coral,9710,0
3875,Chevron Changing Mat - Lime Green,9709,0
3876,Haakaa Baby Food and Breast Milk Freezer Tray - 4 Compartments,,1
3877,Haakaa Baby Food and Breast Milk Freezer Tray - 6 Compartments,,1
3878,Haakaa Baby Food and Breast Milk Freezer Tray - 9 Compartments,,1
3879,Haakaa Breast Massager (Shell),9580,0
3880,Haakaa Cotton Cloth Wipes - 20×15cm,,0
3881,Haakaa On-The-Go Deluxe Express & Collect Travel Pack,9654,0
3882,Haakaa Express & Collect Travel Pack,9655,0
3883,Haakaa Goat Baby Brush & Comb Set,9589,0
3884,Haakaa Orthodontic Nipple Cap,9590,1
3885,Haakaa Pear-fect Manicure Kit,,0
3886,Haakaa Silicone Baby Bib,,1
3887,Haakaa Silicone Baby Drinking Cup,,0
3888,Haakaa Silicone Brush,9595,1
3889,Haakaa Silicone Colostrum Collector - 2pcs,9606,1
3890,Haakaa Silicone Divided Plate,,0
3891,Haakaa Silicone Ice Pop Mould,,0
3892,Haakaa Silicone Ice Pop Mould Set,9616,0
3893,Haakaa Silicone Milk Storage Bag (9oz./260ml),9617,1
3894,Haakaa Silicone Orthodontic Bottle Nipple,,1
3895,Haakaa Silicone Shampoo Brush - Grey,9621,1
3896,Haakaa Silicone Sip-N-Snack Cup,,1
3897,Haakaa Silicone Teething Ball,,1
3898,Haakaa Silicone Teething Ring,9630,1
3899,Multi-Gyn FloraPlus 25ml(5 x 5ml Single Dose Tubes),9697,0
3900,Red Castle Cocoonababy Nest - Pink Miss Sunday,5180a,1
3901,Solgar Prenatal Nutrients - 60 Tablets,9860,0
3902,Solgar Folacin (Folic Acid) 400 mcg - 100 Tablets,9861,0
3903,Solgar Folate (as Metafolin) 400 mcg - 50 Tablets,9862,0
3904,Solgar Wild Alaskan Full Spectrum Omega - 120 Softgels,9863,0
3905,Solgar Zinc Picolinate 22 mg - 100 Tablets,9872,0
3906,Solgar Magnesium Citrate - 60 Tablets,9865,0
3907,Solgar Gentle Iron 20 mg - 90 Tablets,9866,0
3908,Solgar Vitamin C 500 mg - 100 Capsules,9881,0
3909,Solgar Vitamin D3 (Cholecalciferol) 2200 IU (55 µg) - 50 Tablets,9868,0
3910,Solgar Male Multiple - 60 Tablets,9869,0
3911,Solgar L-Arginine - 50 Capsules,9870,0
3912,Solgar Ester-C® Plus 1000 mg Vitamin C - 90 Capsules,9871,0
3913,Solgar Vitamin D3 (Cholecalciferol) 4000 IU (100 µg) - 120 Capsules,9873,0
3914,Solgar Vitamin D3 (Cholecalciferol) 1000 IU (25 µg) - 90 Capsules,9874,0
3915,Solgar Vitamin D3 2500 IU (62.5 µg) Liquid 59ml,9875,0
3916,Solgar Vitamin D3 1000 IU (25 µg) - 100 Chewable Tablets,9876,0
3917,Solgar Vitamin B12 1000 µg - 100 Nuggets,9877,0
3918,Solgar Vitamin D3 (Cholecalciferol) 4000 IU (100 µg) - 60 Capsules,9878,0
3919,Solgar L-Lysine 1000 mg - 50 Tablets,9879,0
3920,Solgar Beta Glucans & Elderberry Immune Complex - 60 Capsules,9880,0
3921,Solgar Ultibio Immune - 30 Capsules,9882,0
3922,Solgar Vitamin D3 (Cholecalciferol) 2200 IU (55 µg) - 50 Capsules,9883,0
3923,Solgar Ester-C® Immune Complex - 60 Tablets,9884,0
3924,Baby Vit D3 Pure Vitamin D Pump Drops 28ml,9795,0
3925,Safetots Simply Secure Wooden Gate Natural 72cm- 79cm,9798,0
3926,Babymoov Jungle Anti UV Teepee SPF 50+,9900,1
3927,Bioderma Abcderm Peri Oral Perioral Dermatitis 40ml,9961,0
3928,Bioderma Babysquam Cradle Cap 40ml,9962,0
3929,Nioxin Anti-Hairloss Serum 70ml,9963,0
3930,Beaba Babycook Neo Baby Food Steamer Blender - Eucalyptus,10002,1
3931,Beaba Babycook Duo Baby Food Steamer Blender - Dark Grey,10003,0
3932,Beaba Stainless steel storage pot 300ml - Light Mist/Eucalyptus Green,10004,0
3933,Beaba Stainless steel storage pot 300ml - Dark Mist/Light Pink,10005,0
3934,Beaba Stainless steel storage pot 500ml - Baltic Blue/White,10006,0
3935,Beaba Stainless steel storage pot 500ml - Light Pink/Night Blue,10007,0
3936,Beaba Baby Food Storage Starter Pack - Storm,10008,0
3937,Beaba Baby Food Storage Starter Pack - Eucalyptus,10009,0
3938,Beaba Glass Meal Set - Jungle,10010,0
3939,Beaba Glass Meal Set - Eucalyptus,10011,0
3940,Beaba Silicone Suction Compartment Plate - Grey,10012,0
3941,Beaba Silicone Meal Set (4 pcs) - Night Blue,10013,1
3942,Beaba Silicone Meal Set (4 pcs) - Eucalyptus,10014,1
3943,Beaba 2 in1 Learning Bottle 210ml - Windy Blue,10015,1
3944,Beaba 2 in1 Learning Bottle 210ml - Old Pink,10016,1
3945,Beaba Straw Cup 300ml - Windy Blue,10017,1
3946,Beaba Straw Cup 300ml - Old Pink,10018,1
3947,Beaba Stainless Steel Straw Cup 250ml - Windy Blue,10019,1
3948,Beaba Stainless Steel Straw Cup 250ml - Old Pink,10020,1
3949,Beaba Feeding Gift Set,10021,0
3950,Beaba Camélé'O 1st-Stage Baby Bath - Light Grey,10022,0
3951,Beaba Camélé'O 1st-Stage Baby Bath - Green/Blue,10023,0
3952,Beaba Camélé'o 1st-Stage Baby Bath - Old Pink,10024,0
3953,Beaba Camélé'O Stand For Camélé'O Bath - Light Mist,10025,0
3954,Beaba Transatdo 1st-Stage Baby Bath Support - Blue/Grey,10026,0
3955,"Beaba ""Lotus"" Multi-Functional Digital Thermometer - Green/Blue",10027,0
3956,"Beaba ""Lotus"" Multi-Functional Digital Thermometer - Old Pink",10028,0
3957,Beaba Thermospeed - Infrared Thermometer Forehead And Ear Detection,10029,0
3958,Beaba Sunglasses 9-24 Months - Tortoise,10030,0
3959,Beaba Sunglasses 2-4 Years Old - Tortoise,10031,0
3960,My Expert Midwife Spritz for Nausea,10103,0
3961,My Expert Midwife Soak for Bits,10104,0
3962,Bonjela 15g,10105,0
3963,Belly Bandit Original Black - XS,10120,0
3964,Snoozeshade Sun and Sleep Shade Original,10171,0
3965,Bioderma ABCDerm Changing Bag Navy Blue,10170,0
3966,Basq Cooling Body Bliss Lotion 30ml GWP,10195,0
3967,Mama Mio Tummy Rub Butter 30ml,9013,0
3968,Clevamama's ClevaRinse Shampoo Rinse Cup - 500ml,,0
3969,FOREO Issa Kids Silicone Sonic Toothbrush,10254,0
3970,FOREO Issa Baby Silicone Sonic Toothbrush,10255,0
3971,Babymoov Anti-UV Sun Tent 50+ UPF Protection - Blue Stripe,10234,1
3972,Ferti Lily Conception Gel Sperm-Friendly Lubricant 50ml,10313,0
